density, u velocity, v velocity, pressure, Mach, Temperature, x_points, y_points, z_points
0.0567931, 891.838, 145.277, 4733.14, 2.64534, 290.384, 9.61538e-05, 4.78068e-06, 0.0
0.131398, 881.952, 13.0578, 10540.5, 2.63205, 279.504, 9.61538e-05, 1.53287e-05, 0.0
0.122272, 869.372, 11.0802, 10442.7, 2.5144, 297.579, 9.61538e-05, 2.80536e-05, 0.0
0.119592, 865.829, 9.00037, 10379.2, 2.48405, 302.4, 9.61538e-05, 4.34048e-05, 0.0
0.118658, 865.797, 7.19641, 10304.4, 2.48315, 302.583, 9.61538e-05, 6.19241e-05, 0.0
0.118052, 866.226, 5.5251, 10232.7, 2.48667, 302.02, 9.61538e-05, 8.42656e-05, 0.0
0.117537, 866.658, 4.02995, 10168.9, 2.49023, 301.452, 9.61538e-05, 0.000111218, 0.0
0.117104, 867.036, 2.76802, 10115.5, 2.49326, 300.977, 9.61538e-05, 0.000143733, 0.0
0.116762, 867.344, 1.77399, 10073.7, 2.49565, 300.612, 9.61538e-05, 0.000182958, 0.0
0.116512, 867.58, 1.05041, 10043.5, 2.4974, 300.353, 9.61538e-05, 0.000230279, 0.0
0.116345, 867.746, 0.568598, 10023.5, 2.49858, 300.186, 9.61538e-05, 0.000287366, 0.0
0.116244, 867.852, 0.278224, 10011.5, 2.49929, 300.088, 9.61538e-05, 0.000356235, 0.0
0.116189, 867.915, 0.121585, 10005.1, 2.49968, 300.037, 9.61538e-05, 0.000439317, 0.0
0.116162, 867.947, 0.0468376, 10002, 2.49987, 300.013, 9.61538e-05, 0.000539546, 0.0
0.11615, 867.962, 0.0156794, 10000.7, 2.49996, 300.004, 9.61538e-05, 0.00066046, 0.0
0.116146, 867.969, 0.00448837, 10000.2, 2.49999, 300.001, 9.61538e-05, 0.000806329, 0.0
0.116144, 867.971, 0.00107773, 10000, 2.5, 300, 9.61538e-05, 0.000982303, 0.0
0.116144, 867.972, 0.000211595, 10000, 2.5, 300, 9.61538e-05, 0.00119459, 0.0
0.116144, 867.972, 3.26237e-05, 10000, 2.5, 300, 9.61538e-05, 0.0014507, 0.0
0.116144, 867.972, 3.62676e-06, 10000, 2.5, 300, 9.61538e-05, 0.00175966, 0.0
0.116144, 867.972, 2.11621e-07, 10000, 2.5, 300, 9.61538e-05, 0.00213239, 0.0
0.116144, 867.972, -1.45348e-08, 10000, 2.5, 300, 9.61538e-05, 0.00258204, 0.0
0.116144, 867.972, -5.57392e-09, 10000, 2.5, 300, 9.61538e-05, 0.00312449, 0.0
0.116144, 867.972, -7.92141e-10, 10000, 2.5, 300, 9.61538e-05, 0.00377889, 0.0
0.116144, 867.972, -6.80926e-11, 10000, 2.5, 300, 9.61538e-05, 0.00456835, 0.0
0.0486193, 887.623, 129.521, 4279.58, 2.55531, 306.698, 0.000288462, 4.78068e-06, 0.0
0.131873, 884.923, -0.856926, 10343.5, 2.67046, 273.293, 0.000288462, 1.53287e-05, 0.0
0.11993, 874.17, 3.85894, 10131.1, 2.54197, 294.341, 0.000288462, 2.80536e-05, 0.0
0.11827, 867.669, 4.443, 10193.9, 2.49784, 300.318, 0.000288462, 4.34048e-05, 0.0
0.118003, 866.608, 4.96822, 10218.9, 2.48891, 301.738, 0.000288462, 6.19241e-05, 0.0
0.117994, 866.417, 5.08805, 10222.7, 2.48781, 301.873, 0.000288462, 8.42656e-05, 0.0
0.117879, 866.437, 4.79232, 10208, 2.48844, 301.733, 0.000288462, 0.000111218, 0.0
0.117642, 866.589, 4.15663, 10178.8, 2.48993, 301.475, 0.000288462, 0.000143733, 0.0
0.117329, 866.831, 3.30939, 10140.9, 2.49194, 301.156, 0.000288462, 0.000182958, 0.0
0.116999, 867.114, 2.40391, 10101.3, 2.49411, 300.826, 0.000288462, 0.000230279, 0.0
0.116702, 867.387, 1.58072, 10065.9, 2.4961, 300.534, 0.000288462, 0.000287366, 0.0
0.116472, 867.614, 0.932656, 10038.5, 2.49768, 300.309, 0.000288462, 0.000356235, 0.0
0.116315, 867.776, 0.489148, 10020, 2.49878, 300.158, 0.000288462, 0.000439317, 0.0
0.116223, 867.877, 0.22582, 10009.2, 2.49943, 300.071, 0.000288462, 0.000539546, 0.0
0.116176, 867.931, 0.0908448, 10003.7, 2.49977, 300.028, 0.000288462, 0.00066046, 0.0
0.116155, 867.957, 0.0315149, 10001.3, 2.49992, 300.009, 0.000288462, 0.000806329, 0.0
0.116147, 867.967, 0.00932654, 10000.4, 2.49998, 300.003, 0.000288462, 0.000982303, 0.0
0.116145, 867.97, 0.00232823, 10000.1, 2.49999, 300.001, 0.000288462, 0.00119459, 0.0
0.116144, 867.971, 0.000484423, 10000, 2.5, 300, 0.000288462, 0.0014507, 0.0
0.116144, 867.972, 8.28865e-05, 10000, 2.5, 300, 0.000288462, 0.00175966, 0.0
0.116144, 867.972, 1.14727e-05, 10000, 2.5, 300, 0.000288462, 0.00213239, 0.0
0.116144, 867.972, 1.25535e-06, 10000, 2.5, 300, 0.000288462, 0.00258204, 0.0
0.116144, 867.972, 1.04389e-07, 10000, 2.5, 300, 0.000288462, 0.00312449, 0.0
0.116144, 867.972, 6.02668e-09, 10000, 2.5, 300, 0.000288462, 0.00377889, 0.0
0.116144, 867.972, 1.74261e-10, 10000, 2.5, 300, 0.000288462, 0.00456835, 0.0
0.048826, 884.668, 125.993, 4336.87, 2.53404, 309.488, 0.000480769, 4.78068e-06, 0.0
0.130792, 884.283, -3.8094, 10272.7, 2.66673, 273.666, 0.000480769, 1.53287e-05, 0.0
0.119233, 876.498, 0.75747, 10014.7, 2.55604, 292.657, 0.000480769, 2.80536e-05, 0.0
0.11716, 868.905, 1.27143, 10056.4, 2.50656, 299.075, 0.000480769, 4.34048e-05, 0.0
0.116945, 867.629, 2.02378, 10092.6, 2.49609, 300.704, 0.000480769, 6.19241e-05, 0.0
0.117179, 867.226, 2.75751, 10124.9, 2.49344, 301.066, 0.000480769, 8.42656e-05, 0.0
0.117392, 866.959, 3.31345, 10148.5, 2.49205, 301.216, 0.000480769, 0.000111218, 0.0
0.117485, 866.805, 3.57156, 10158.2, 2.4914, 301.268, 0.000480769, 0.000143733, 0.0
0.117434, 866.786, 3.47178, 10151.9, 2.49158, 301.21, 0.000480769, 0.000182958, 0.0
0.117258, 866.899, 3.03978, 10131.2, 2.49258, 301.047, 0.000480769, 0.000230279, 0.0
0.117005, 867.108, 2.38539, 10101.5, 2.49414, 300.814, 0.000480769, 0.000287366, 0.0
0.116736, 867.354, 1.66572, 10069.8, 2.49589, 300.562, 0.000480769, 0.000356235, 0.0
0.116504, 867.582, 1.02662, 10042.4, 2.49746, 300.342, 0.000480769, 0.000439317, 0.0
0.116336, 867.756, 0.553675, 10022.5, 2.49862, 300.181, 0.000480769, 0.000539546, 0.0
0.116233, 867.868, 0.259059, 10010.4, 2.49935, 300.083, 0.000480769, 0.00066046, 0.0
0.116179, 867.928, 0.10426, 10004.1, 2.49974, 300.033, 0.000480769, 0.000806329, 0.0
0.116156, 867.956, 0.0357855, 10001.4, 2.49991, 300.011, 0.000480769, 0.000982303, 0.0
0.116148, 867.967, 0.010387, 10000.4, 2.49997, 300.003, 0.000480769, 0.00119459, 0.0
0.116145, 867.971, 0.00252829, 10000.1, 2.49999, 300.001, 0.000480769, 0.0014507, 0.0
0.116144, 867.972, 0.000511824, 10000, 2.5, 300, 0.000480769, 0.00175966, 0.0
0.116144, 867.972, 8.54584e-05, 10000, 2.5, 300, 0.000480769, 0.00213239, 0.0
0.116144, 867.972, 1.16671e-05, 10000, 2.5, 300, 0.000480769, 0.00258204, 0.0
0.116144, 867.972, 1.28989e-06, 10000, 2.5, 300, 0.000480769, 0.00312449, 0.0
0.116144, 867.972, 1.14097e-07, 10000, 2.5, 300, 0.000480769, 0.00377889, 0.0
0.116144, 867.972, 7.44399e-09, 10000, 2.5, 300, 0.000480769, 0.00456835, 0.0
0.0490003, 883.471, 125.739, 4361.15, 2.52803, 310.113, 0.000673077, 4.78068e-06, 0.0
0.130489, 883.327, -4.06947, 10271.2, 2.66095, 274.264, 0.000673077, 1.53287e-05, 0.0
0.119208, 877.576, 0.142289, 9993.55, 2.56161, 292.102, 0.000673077, 2.80536e-05, 0.0
0.116781, 869.419, 0.260624, 10010.1, 2.50976, 298.664, 0.000673077, 4.34048e-05, 0.0
0.116391, 868.13, 0.619115, 10029.3, 2.49946, 300.239, 0.000673077, 6.19241e-05, 0.0
0.11656, 867.798, 1.141, 10053.4, 2.49731, 300.527, 0.000673077, 8.42656e-05, 0.0
0.116816, 867.513, 1.74715, 10080.7, 2.49585, 300.682, 0.000673077, 0.000111218, 0.0
0.117048, 867.248, 2.32346, 10105.8, 2.49446, 300.834, 0.000673077, 0.000143733, 0.0
0.117198, 867.052, 2.72995, 10122.5, 2.49344, 300.946, 0.000673077, 0.000182958, 0.0
0.117226, 866.97, 2.84844, 10125.9, 2.49308, 300.974, 0.000673077, 0.000230279, 0.0
0.117125, 867.021, 2.63604, 10114.6, 2.49355, 300.897, 0.000673077, 0.000287366, 0.0
0.116928, 867.181, 2.15296, 10092, 2.4947, 300.73, 0.000673077, 0.000356235, 0.0
0.116693, 867.398, 1.54105, 10064.6, 2.49619, 300.519, 0.000673077, 0.000439317, 0.0
0.116479, 867.61, 0.959112, 10039.5, 2.49763, 300.32, 0.000673077, 0.000539546, 0.0
0.11632, 867.775, 0.514915, 10020.8, 2.49873, 300.17, 0.000673077, 0.00066046, 0.0
0.116224, 867.879, 0.236628, 10009.4, 2.49941, 300.077, 0.000673077, 0.000806329, 0.0
0.116175, 867.935, 0.0923951, 10003.6, 2.49977, 300.029, 0.000673077, 0.000982303, 0.0
0.116154, 867.959, 0.0304362, 10001.2, 2.49992, 300.01, 0.000673077, 0.00119459, 0.0
0.116147, 867.968, 0.00840056, 10000.3, 2.49998, 300.003, 0.000673077, 0.0014507, 0.0
0.116145, 867.971, 0.00193, 10000.1, 2.5, 300.001, 0.000673077, 0.00175966, 0.0
0.116144, 867.972, 0.000366808, 10000, 2.5, 300, 0.000673077, 0.00213239, 0.0
0.116144, 867.972, 5.73315e-05, 10000, 2.5, 300, 0.000673077, 0.00258204, 0.0
0.116144, 867.972, 7.32728e-06, 10000, 2.5, 300, 0.000673077, 0.00312449, 0.0
0.116144, 867.972, 7.60938e-07, 10000, 2.5, 300, 0.000673077, 0.00377889, 0.0
0.116144, 867.972, 5.88306e-08, 10000, 2.5, 300, 0.000673077, 0.00456835, 0.0
0.0490546, 882.724, 125.599, 4370.61, 2.52454, 310.442, 0.000865385, 4.78068e-06, 0.0
0.13036, 882.614, -4.07266, 10273.6, 2.65719, 274.596, 0.000865385, 1.53287e-05, 0.0
0.119288, 878.17, 0.0560575, 9993.41, 2.56423, 291.9, 0.000865385, 2.80536e-05, 0.0
0.116708, 869.675, 0.0357935, 9999.24, 2.51107, 298.528, 0.000865385, 4.34048e-05, 0.0
0.116188, 868.305, 0.146271, 10007, 2.50057, 300.095, 0.000865385, 6.19241e-05, 0.0
0.11625, 868.071, 0.392427, 10018.9, 2.49906, 300.295, 0.000865385, 8.42656e-05, 0.0
0.116431, 867.865, 0.775914, 10036.9, 2.49817, 300.366, 0.000865385, 0.000111218, 0.0
0.116649, 867.628, 1.27187, 10059.5, 2.49702, 300.479, 0.000865385, 0.000143733, 0.0
0.116862, 867.388, 1.79659, 10082.7, 2.49574, 300.622, 0.000865385, 0.000182958, 0.0
0.117017, 867.196, 2.21757, 10100.3, 2.49466, 300.749, 0.000865385, 0.000230279, 0.0
0.117067, 867.104, 2.39996, 10106.6, 2.49415, 300.808, 0.000865385, 0.000287366, 0.0
0.116995, 867.137, 2.27247, 10099, 2.49442, 300.767, 0.000865385, 0.000356235, 0.0
0.116827, 867.278, 1.87256, 10080, 2.49538, 300.632, 0.000865385, 0.000439317, 0.0
0.116617, 867.474, 1.33341, 10055.8, 2.4967, 300.449, 0.000865385, 0.000539546, 0.0
0.116426, 867.666, 0.814333, 10033.4, 2.49799, 300.272, 0.000865385, 0.00066046, 0.0
0.116287, 867.812, 0.423427, 10017, 2.49896, 300.14, 0.000865385, 0.000806329, 0.0
0.116206, 867.901, 0.186182, 10007.3, 2.49954, 300.061, 0.000865385, 0.000982303, 0.0
0.116166, 867.945, 0.0687917, 10002.7, 2.49983, 300.022, 0.000865385, 0.00119459, 0.0
0.116151, 867.963, 0.0212327, 10000.8, 2.49995, 300.007, 0.000865385, 0.0014507, 0.0
0.116146, 867.97, 0.00544425, 10000.2, 2.49999, 300.002, 0.000865385, 0.00175966, 0.0
0.116144, 867.971, 0.00115372, 10000, 2.5, 300, 0.000865385, 0.00213239, 0.0
0.116144, 867.972, 0.000201117, 10000, 2.5, 300, 0.000865385, 0.00258204, 0.0
0.116144, 867.972, 2.87159e-05, 10000, 2.5, 300, 0.000865385, 0.00312449, 0.0
0.116144, 867.972, 3.34223e-06, 10000, 2.5, 300, 0.000865385, 0.00377889, 0.0
0.116144, 867.972, 2.88056e-07, 10000, 2.5, 300, 0.000865385, 0.00456835, 0.0
0.0490862, 882.169, 125.47, 4376.1, 2.52216, 310.632, 0.00105769, 4.78068e-06, 0.0
0.130285, 882.082, -4.07303, 10274.5, 2.65471, 274.779, 0.00105769, 1.53287e-05, 0.0
0.119341, 878.546, 0.0442648, 9995.32, 2.56564, 291.827, 0.00105769, 2.80536e-05, 0.0
0.116717, 869.871, 0.00121479, 9997.55, 2.51195, 298.455, 0.00105769, 4.34048e-05, 0.0
0.116129, 868.355, 0.0177134, 10000.7, 2.50086, 300.059, 0.00105769, 6.19241e-05, 0.0
0.116123, 868.176, 0.111402, 10005.5, 2.49968, 300.219, 0.00105769, 8.42656e-05, 0.0
0.116229, 868.042, 0.302069, 10014.8, 2.49927, 300.224, 0.00105769, 0.000111218, 0.0
0.116384, 867.87, 0.616658, 10029.6, 2.49859, 300.268, 0.00105769, 0.000143733, 0.0
0.116574, 867.662, 1.04618, 10049.4, 2.49757, 300.37, 0.00105769, 0.000182958, 0.0
0.116764, 867.45, 1.52081, 10070.4, 2.49639, 300.507, 0.00105769, 0.000230279, 0.0
0.116906, 867.279, 1.91345, 10086.9, 2.49538, 300.633, 0.00105769, 0.000287366, 0.0
0.11695, 867.201, 2.08653, 10092.8, 2.4949, 300.696, 0.00105769, 0.000356235, 0.0
0.11688, 867.241, 1.96555, 10085.5, 2.49515, 300.661, 0.00105769, 0.000439317, 0.0
0.116721, 867.379, 1.5903, 10067.6, 2.49607, 300.537, 0.00105769, 0.000539546, 0.0
0.11653, 867.563, 1.09743, 10045.6, 2.49729, 300.37, 0.00105769, 0.00066046, 0.0
0.116363, 867.733, 0.641388, 10026.1, 2.49842, 300.215, 0.00105769, 0.000806329, 0.0
0.116249, 867.854, 0.31541, 10012.5, 2.49923, 300.104, 0.00105769, 0.000982303, 0.0
0.116186, 867.923, 0.12975, 10005.1, 2.49968, 300.042, 0.00105769, 0.00119459, 0.0
0.116158, 867.955, 0.0444155, 10001.7, 2.49989, 300.014, 0.00105769, 0.0014507, 0.0
0.116148, 867.967, 0.012591, 10000.5, 2.49997, 300.004, 0.00105769, 0.00175966, 0.0
0.116145, 867.971, 0.00294294, 10000.1, 2.49999, 300.001, 0.00105769, 0.00213239, 0.0
0.116144, 867.972, 0.000564909, 10000, 2.5, 300, 0.00105769, 0.00258204, 0.0
0.116144, 867.972, 8.87426e-05, 10000, 2.5, 300, 0.00105769, 0.00312449, 0.0
0.116144, 867.972, 1.13612e-05, 10000, 2.5, 300, 0.00105769, 0.00377889, 0.0
0.116144, 867.972, 1.06796e-06, 10000, 2.5, 300, 0.00105769, 0.00456835, 0.0
0.0491118, 881.736, 125.369, 4379.89, 2.52047, 310.739, 0.00125, 4.78068e-06, 0.0
0.13024, 881.667, -4.07553, 10274.8, 2.65295, 274.884, 0.00125, 1.53287e-05, 0.0
0.11936, 878.794, 0.0406997, 9996.67, 2.56641, 291.819, 0.00125, 2.80536e-05, 0.0
0.116742, 870.055, 0.00170327, 9997.67, 2.51274, 298.394, 0.00125, 4.34048e-05, 0.0
0.116117, 868.367, -0.00976959, 9999.29, 2.50094, 300.048, 0.00125, 6.19241e-05, 0.0
0.116078, 868.212, 0.0204466, 10001, 2.49986, 300.2, 0.00125, 8.42656e-05, 0.0
0.116138, 868.118, 0.102395, 10005.2, 2.49971, 300.171, 0.00125, 0.000111218, 0.0
0.116235, 868, 0.271235, 10013.4, 2.49939, 300.166, 0.00125, 0.000143733, 0.0
0.116374, 867.846, 0.556272, 10026.9, 2.49875, 300.213, 0.00125, 0.000182958, 0.0
0.116544, 867.66, 0.950833, 10045, 2.49779, 300.315, 0.00125, 0.000230279, 0.0
0.116715, 867.472, 1.38518, 10064.2, 2.4967, 300.448, 0.00125, 0.000287366, 0.0
0.116835, 867.329, 1.7307, 10078.5, 2.4958, 300.567, 0.00125, 0.000356235, 0.0
0.116858, 867.278, 1.85344, 10082.1, 2.49544, 300.617, 0.00125, 0.000439317, 0.0
0.116773, 867.338, 1.69409, 10073.3, 2.49581, 300.57, 0.00125, 0.000539546, 0.0
0.116615, 867.483, 1.31354, 10055.4, 2.49675, 300.444, 0.00125, 0.00066046, 0.0
0.116442, 867.654, 0.858207, 10035.3, 2.49788, 300.289, 0.00125, 0.000806329, 0.0
0.116302, 867.798, 0.469489, 10018.9, 2.49885, 300.157, 0.00125, 0.000982303, 0.0
0.116214, 867.893, 0.213854, 10008.4, 2.49948, 300.071, 0.00125, 0.00119459, 0.0
0.11617, 867.942, 0.0807188, 10003.1, 2.4998, 300.026, 0.00125, 0.0014507, 0.0
0.116152, 867.962, 0.025139, 10001, 2.49994, 300.008, 0.00125, 0.00175966, 0.0
0.116146, 867.969, 0.00643557, 10000.2, 2.49998, 300.002, 0.00125, 0.00213239, 0.0
0.116144, 867.971, 0.00134967, 10000, 2.5, 300, 0.00125, 0.00258204, 0.0
0.116144, 867.972, 0.000231205, 10000, 2.5, 300, 0.00125, 0.00312449, 0.0
0.116144, 867.972, 3.22252e-05, 10000, 2.5, 300, 0.00125, 0.00377889, 0.0
0.116144, 867.972, 3.26633e-06, 10000, 2.5, 300, 0.00125, 0.00456835, 0.0
0.0491334, 881.388, 125.29, 4382.69, 2.51922, 310.8, 0.00144231, 4.78068e-06, 0.0
0.130211, 881.332, -4.07763, 10275, 2.65164, 274.948, 0.00144231, 1.53287e-05, 0.0
0.11936, 878.959, 0.0383234, 9997.49, 2.56678, 291.844, 0.00144231, 2.80536e-05, 0.0
0.116768, 870.236, 0.00584445, 9998, 2.51349, 298.338, 0.00144231, 4.34048e-05, 0.0
0.116119, 868.369, -0.0122159, 9999.18, 2.50097, 300.041, 0.00144231, 6.19241e-05, 0.0
0.116065, 868.221, -0.00457735, 9999.75, 2.49989, 300.198, 0.00144231, 8.42656e-05, 0.0
0.1161, 868.148, 0.0270116, 10001.4, 2.49986, 300.156, 0.00144231, 0.000111218, 0.0
0.11616, 868.063, 0.108227, 10005.5, 2.49975, 300.123, 0.00144231, 0.000143733, 0.0
0.116252, 867.953, 0.274758, 10013.6, 2.49941, 300.129, 0.00144231, 0.000182958, 0.0
0.116383, 867.81, 0.553781, 10026.8, 2.49876, 300.187, 0.00144231, 0.000230279, 0.0
0.116542, 867.64, 0.931989, 10044.1, 2.49782, 300.294, 0.00144231, 0.000287366, 0.0
0.116692, 867.475, 1.32912, 10061.4, 2.49681, 300.424, 0.00144231, 0.000356235, 0.0
0.116783, 867.364, 1.61084, 10072.7, 2.49606, 300.527, 0.00144231, 0.000439317, 0.0
0.116775, 867.348, 1.6553, 10072.8, 2.49591, 300.552, 0.00144231, 0.000539546, 0.0
0.11667, 867.435, 1.43508, 10061.5, 2.49644, 300.484, 0.00144231, 0.00066046, 0.0
0.116513, 867.585, 1.04325, 10043.5, 2.49742, 300.353, 0.00144231, 0.000806329, 0.0
0.11636, 867.739, 0.632039, 10025.7, 2.49844, 300.213, 0.00144231, 0.000982303, 0.0
0.116249, 867.856, 0.317376, 10012.6, 2.49922, 300.106, 0.00144231, 0.00119459, 0.0
0.116186, 867.924, 0.131492, 10005.1, 2.49968, 300.043, 0.00144231, 0.0014507, 0.0
0.116158, 867.955, 0.0447771, 10001.7, 2.49989, 300.015, 0.00144231, 0.00175966, 0.0
0.116148, 867.967, 0.0124913, 10000.5, 2.49997, 300.004, 0.00144231, 0.00213239, 0.0
0.116145, 867.971, 0.00284647, 10000.1, 2.49999, 300.001, 0.00144231, 0.00258204, 0.0
0.116144, 867.972, 0.000528536, 10000, 2.5, 300, 0.00144231, 0.00312449, 0.0
0.116144, 867.972, 7.96649e-05, 10000, 2.5, 300, 0.00144231, 0.00377889, 0.0
0.116144, 867.972, 8.64391e-06, 10000, 2.5, 300, 0.00144231, 0.00456835, 0.0
0.0491518, 881.102, 125.227, 4384.85, 2.51824, 310.837, 0.00163462, 4.78068e-06, 0.0
0.130193, 881.055, -4.07906, 10275, 2.65061, 274.989, 0.00163462, 1.53287e-05, 0.0
0.119349, 879.066, 0.0365394, 9997.97, 2.56691, 291.885, 0.00163462, 2.80536e-05, 0.0
0.116792, 870.411, 0.00882558, 9998.27, 2.51422, 298.285, 0.00163462, 4.34048e-05, 0.0
0.116123, 868.37, -0.00988576, 9999.31, 2.501, 300.034, 0.00163462, 6.19241e-05, 0.0
0.116061, 868.223, -0.00937098, 9999.5, 2.4999, 300.199, 0.00163462, 8.42656e-05, 0.0
0.116086, 868.158, 0.00153493, 10000.1, 2.4999, 300.153, 0.00163462, 0.000111218, 0.0
0.116125, 868.091, 0.0375189, 10002, 2.4999, 300.108, 0.00163462, 0.000143733, 0.0
0.116184, 868.011, 0.126681, 10006.4, 2.49974, 300.089, 0.00163462, 0.000182958, 0.0
0.116276, 867.906, 0.304526, 10015.1, 2.49935, 300.111, 0.00163462, 0.000230279, 0.0
0.116405, 867.769, 0.59212, 10028.6, 2.49865, 300.183, 0.00163462, 0.000287366, 0.0
0.116554, 867.612, 0.961177, 10045.3, 2.49773, 300.297, 0.00163462, 0.000356235, 0.0
0.116681, 867.471, 1.3135, 10060.3, 2.49681, 300.42, 0.00163462, 0.000439317, 0.0
0.116736, 867.397, 1.51129, 10067.6, 2.49628, 300.498, 0.00163462, 0.000539546, 0.0
0.116691, 867.422, 1.45882, 10063.5, 2.49639, 300.489, 0.00163462, 0.00066046, 0.0
0.116567, 867.534, 1.17508, 10049.8, 2.49709, 300.398, 0.00163462, 0.000806329, 0.0
0.116416, 867.683, 0.785271, 10032.3, 2.49806, 300.266, 0.00163462, 0.000982303, 0.0
0.116289, 867.814, 0.433047, 10017.4, 2.49894, 300.146, 0.00163462, 0.00119459, 0.0
0.116208, 867.901, 0.1962, 10007.7, 2.49952, 300.065, 0.00163462, 0.0014507, 0.0
0.116167, 867.946, 0.072774, 10002.8, 2.49982, 300.024, 0.00163462, 0.00175966, 0.0
0.116151, 867.964, 0.0220348, 10000.8, 2.49995, 300.007, 0.00163462, 0.00213239, 0.0
0.116146, 867.97, 0.00543298, 10000.2, 2.49999, 300.002, 0.00163462, 0.00258204, 0.0
0.116144, 867.971, 0.00108858, 10000, 2.5, 300, 0.00163462, 0.00312449, 0.0
0.116144, 867.972, 0.000176575, 10000, 2.5, 300, 0.00163462, 0.00377889, 0.0
0.116144, 867.972, 2.04031e-05, 10000, 2.5, 300, 0.00163462, 0.00456835, 0.0
0.0491675, 880.862, 125.174, 4386.6, 2.51745, 310.862, 0.00182692, 4.78068e-06, 0.0
0.13018, 880.822, -4.07997, 10275.1, 2.64977, 275.018, 0.00182692, 1.53287e-05, 0.0
0.119333, 879.132, 0.0352107, 9998.26, 2.56689, 291.933, 0.00182692, 2.80536e-05, 0.0
0.116814, 870.579, 0.0105354, 9998.47, 2.51492, 298.235, 0.00182692, 4.34048e-05, 0.0
0.116127, 868.371, -0.00740659, 9999.45, 2.50104, 300.027, 0.00182692, 6.19241e-05, 0.0
0.116061, 868.223, -0.00883655, 9999.53, 2.49989, 300.2, 0.00182692, 8.42656e-05, 0.0
0.116082, 868.161, -0.00568553, 9999.73, 2.49991, 300.153, 0.00182692, 0.000111218, 0.0
0.11611, 868.103, 0.00912321, 10000.5, 2.49995, 300.103, 0.00182692, 0.000143733, 0.0
0.116149, 868.04, 0.0538441, 10002.8, 2.49989, 300.073, 0.00182692, 0.000182958, 0.0
0.11621, 867.963, 0.159206, 10008, 2.49968, 300.071, 0.00182692, 0.000230279, 0.0
0.116306, 867.859, 0.359116, 10017.7, 2.49921, 300.111, 0.00182692, 0.000287366, 0.0
0.116436, 867.725, 0.662544, 10031.8, 2.49847, 300.198, 0.00182692, 0.000356235, 0.0
0.116574, 867.58, 1.01786, 10047.6, 2.49756, 300.316, 0.00182692, 0.000439317, 0.0
0.11667, 867.47, 1.30674, 10059.4, 2.4968, 300.422, 0.00182692, 0.000539546, 0.0
0.116682, 867.44, 1.39925, 10061.9, 2.49654, 300.465, 0.00182692, 0.00066046, 0.0
0.116602, 867.506, 1.24424, 10053.4, 2.49691, 300.42, 0.00182692, 0.000806329, 0.0
0.116466, 867.634, 0.913895, 10038.1, 2.49774, 300.31, 0.00182692, 0.000982303, 0.0
0.116331, 867.771, 0.551599, 10022.4, 2.49864, 300.186, 0.00182692, 0.00119459, 0.0
0.116234, 867.873, 0.2724, 10010.7, 2.49934, 300.091, 0.00182692, 0.0014507, 0.0
0.116179, 867.932, 0.109698, 10004.2, 2.49974, 300.036, 0.00182692, 0.00175966, 0.0
0.116155, 867.959, 0.0359319, 10001.4, 2.49991, 300.012, 0.00182692, 0.00213239, 0.0
0.116147, 867.968, 0.00955341, 10000.4, 2.49998, 300.003, 0.00182692, 0.00258204, 0.0
0.116145, 867.971, 0.00205819, 10000.1, 2.5, 300.001, 0.00182692, 0.00312449, 0.0
0.116144, 867.972, 0.000357921, 10000, 2.5, 300, 0.00182692, 0.00377889, 0.0
0.116144, 867.972, 4.38658e-05, 10000, 2.5, 300, 0.00182692, 0.00456835, 0.0
0.0491809, 880.657, 125.129, 4388.05, 2.51678, 310.88, 0.00201923, 4.78068e-06, 0.0
0.130169, 880.623, -4.08056, 10275.1, 2.64906, 275.041, 0.00201923, 1.53287e-05, 0.0
0.119314, 879.169, 0.0342124, 9998.44, 2.56678, 291.983, 0.00201923, 2.80536e-05, 0.0
0.116834, 870.739, 0.011408, 9998.62, 2.51558, 298.187, 0.00201923, 4.34048e-05, 0.0
0.116132, 868.373, -0.00552734, 9999.56, 2.50108, 300.019, 0.00201923, 6.19241e-05, 0.0
0.116062, 868.222, -0.00734381, 9999.61, 2.49989, 300.201, 0.00201923, 8.42656e-05, 0.0
0.11608, 868.161, -0.0068428, 9999.66, 2.4999, 300.154, 0.00201923, 0.000111218, 0.0
0.116104, 868.107, -0.00125833, 9999.98, 2.49996, 300.103, 0.00201923, 0.000143733, 0.0
0.116131, 868.054, 0.0199912, 10001.1, 2.49996, 300.067, 0.00201923, 0.000182958, 0.0
0.116172, 867.995, 0.0790907, 10004.1, 2.49985, 300.051, 0.00201923, 0.000230279, 0.0
0.11624, 867.917, 0.209397, 10010.5, 2.49956, 300.067, 0.00201923, 0.000287366, 0.0
0.116344, 867.811, 0.439202, 10021.4, 2.49901, 300.126, 0.00201923, 0.000356235, 0.0
0.116474, 867.679, 0.756823, 10035.9, 2.49821, 300.226, 0.00201923, 0.000439317, 0.0
0.116592, 867.552, 1.0809, 10049.9, 2.49738, 300.341, 0.00201923, 0.000539546, 0.0
0.116648, 867.481, 1.27978, 10057.5, 2.49684, 300.42, 0.00201923, 0.00066046, 0.0
0.116614, 867.499, 1.2521, 10054.6, 2.49689, 300.42, 0.00201923, 0.000806329, 0.0
0.116506, 867.597, 1.00753, 10042.6, 2.4975, 300.342, 0.00201923, 0.000982303, 0.0
0.116373, 867.729, 0.663526, 10027.2, 2.49836, 300.225, 0.00201923, 0.00119459, 0.0
0.116262, 867.843, 0.356117, 10014.2, 2.49913, 300.12, 0.00201923, 0.0014507, 0.0
0.116194, 867.916, 0.155262, 10006, 2.49963, 300.052, 0.00201923, 0.00175966, 0.0
0.116161, 867.952, 0.0548608, 10002.1, 2.49987, 300.018, 0.00201923, 0.00213239, 0.0
0.116149, 867.966, 0.0156834, 10000.6, 2.49996, 300.005, 0.00201923, 0.00258204, 0.0
0.116145, 867.97, 0.00362233, 10000.1, 2.49999, 300.001, 0.00201923, 0.00312449, 0.0
0.116144, 867.972, 0.000673231, 10000, 2.5, 300, 0.00201923, 0.00377889, 0.0
0.116144, 867.972, 8.72257e-05, 10000, 2.5, 300, 0.00201923, 0.00456835, 0.0
0.0491925, 880.48, 125.09, 4389.3, 2.51621, 310.896, 0.00221154, 4.78068e-06, 0.0
0.13016, 880.451, -4.08094, 10275.2, 2.64844, 275.061, 0.00221154, 1.53287e-05, 0.0
0.119296, 879.185, 0.033441, 9998.54, 2.56661, 292.032, 0.00221154, 2.80536e-05, 0.0
0.116853, 870.892, 0.0117744, 9998.73, 2.51622, 298.141, 0.00221154, 4.34048e-05, 0.0
0.116135, 868.376, -0.00419005, 9999.63, 2.50112, 300.011, 0.00221154, 6.19241e-05, 0.0
0.116063, 868.222, -0.00598972, 9999.68, 2.49988, 300.201, 0.00221154, 8.42656e-05, 0.0
0.11608, 868.161, -0.00627353, 9999.69, 2.4999, 300.155, 0.00221154, 0.000111218, 0.0
0.116102, 868.108, -0.00446218, 9999.8, 2.49996, 300.103, 0.00221154, 0.000143733, 0.0
0.116123, 868.06, 0.00512082, 10000.3, 2.49998, 300.065, 0.00221154, 0.000182958, 0.0
0.11615, 868.012, 0.0368672, 10002, 2.49994, 300.043, 0.00221154, 0.000230279, 0.0
0.116197, 867.954, 0.117802, 10006, 2.49977, 300.043, 0.00221154, 0.000287366, 0.0
0.116276, 867.872, 0.281819, 10014, 2.49939, 300.078, 0.00221154, 0.000356235, 0.0
0.116389, 867.76, 0.543913, 10026.2, 2.49874, 300.156, 0.00221154, 0.000439317, 0.0
0.116511, 867.634, 0.861991, 10040.4, 2.49793, 300.264, 0.00221154, 0.000539546, 0.0
0.116598, 867.536, 1.12525, 10051.3, 2.49724, 300.363, 0.00221154, 0.00066046, 0.0
0.116607, 867.512, 1.20768, 10053.4, 2.497, 300.402, 0.00221154, 0.000806329, 0.0
0.116532, 867.575, 1.06147, 10045.4, 2.49736, 300.359, 0.00221154, 0.000982303, 0.0
0.11641, 867.692, 0.760581, 10031.5, 2.49812, 300.258, 0.00221154, 0.00119459, 0.0
0.116293, 867.812, 0.442455, 10017.8, 2.49892, 300.15, 0.00221154, 0.0014507, 0.0
0.116212, 867.898, 0.208311, 10008.1, 2.4995, 300.07, 0.00221154, 0.00175966, 0.0
0.116169, 867.944, 0.079203, 10003, 2.49981, 300.026, 0.00221154, 0.00213239, 0.0
0.116151, 867.963, 0.0242845, 10000.9, 2.49994, 300.008, 0.00221154, 0.00258204, 0.0
0.116146, 867.97, 0.00599783, 10000.2, 2.49999, 300.002, 0.00221154, 0.00312449, 0.0
0.116144, 867.971, 0.00118821, 10000, 2.5, 300, 0.00221154, 0.00377889, 0.0
0.116144, 867.972, 0.000162291, 10000, 2.5, 300, 0.00221154, 0.00456835, 0.0
0.0492024, 880.325, 125.056, 4390.4, 2.5157, 310.911, 0.00240385, 4.78068e-06, 0.0
0.130151, 880.3, -4.08119, 10275.2, 2.6479, 275.08, 0.00240385, 1.53287e-05, 0.0
0.119277, 879.185, 0.0328209, 9998.61, 2.56641, 292.079, 0.00240385, 2.80536e-05, 0.0
0.116872, 871.036, 0.0118407, 9998.82, 2.51682, 298.097, 0.00240385, 4.34048e-05, 0.0
0.116139, 868.38, -0.00323492, 9999.68, 2.50116, 300.003, 0.00240385, 6.19241e-05, 0.0
0.116063, 868.221, -0.00495058, 9999.74, 2.49988, 300.201, 0.00240385, 8.42656e-05, 0.0
0.116081, 868.161, -0.00539154, 9999.73, 2.4999, 300.156, 0.00240385, 0.000111218, 0.0
0.116101, 868.109, -0.00501831, 9999.76, 2.49996, 300.104, 0.00240385, 0.000143733, 0.0
0.116119, 868.063, -0.000961174, 9999.99, 2.49999, 300.065, 0.00240385, 0.000182958, 0.0
0.116139, 868.021, 0.0154735, 10000.9, 2.49998, 300.039, 0.00240385, 0.000230279, 0.0
0.116171, 867.976, 0.0638901, 10003.3, 2.49988, 300.031, 0.00240385, 0.000287366, 0.0
0.116228, 867.914, 0.175823, 10008.9, 2.49963, 300.048, 0.00240385, 0.000356235, 0.0
0.11632, 867.824, 0.37997, 10018.6, 2.49914, 300.103, 0.00240385, 0.000439317, 0.0
0.116436, 867.708, 0.666786, 10031.8, 2.49842, 300.197, 0.00240385, 0.000539546, 0.0
0.116541, 867.597, 0.957225, 10044.2, 2.49767, 300.302, 0.00240385, 0.00066046, 0.0
0.116585, 867.54, 1.12395, 10050.3, 2.49722, 300.37, 0.00240385, 0.000806329, 0.0
0.116545, 867.566, 1.07612, 10046.7, 2.49732, 300.363, 0.00240385, 0.000982303, 0.0
0.116441, 867.663, 0.836751, 10035.1, 2.49793, 300.284, 0.00240385, 0.00119459, 0.0
0.116323, 867.781, 0.526301, 10021.4, 2.49871, 300.179, 0.00240385, 0.0014507, 0.0
0.116232, 867.877, 0.266953, 10010.5, 2.49935, 300.09, 0.00240385, 0.00175966, 0.0
0.116179, 867.933, 0.108972, 10004.2, 2.49974, 300.036, 0.00240385, 0.00213239, 0.0
0.116155, 867.959, 0.0357558, 10001.3, 2.49992, 300.012, 0.00240385, 0.00258204, 0.0
0.116147, 867.969, 0.00942231, 10000.3, 2.49998, 300.003, 0.00240385, 0.00312449, 0.0
0.116145, 867.971, 0.00198503, 10000.1, 2.5, 300.001, 0.00240385, 0.00377889, 0.0
0.116144, 867.972, 0.000285118, 10000, 2.5, 300, 0.00240385, 0.00456835, 0.0
0.049211, 880.188, 125.026, 4391.38, 2.51524, 310.926, 0.00259615, 4.78068e-06, 0.0
0.130143, 880.165, -4.08134, 10275.2, 2.6474, 275.098, 0.00259615, 1.53287e-05, 0.0
0.11926, 879.175, 0.0323015, 9998.65, 2.56618, 292.123, 0.00259615, 2.80536e-05, 0.0
0.116889, 871.172, 0.01173, 9998.89, 2.5174, 298.054, 0.00259615, 4.34048e-05, 0.0
0.116142, 868.384, -0.00253493, 9999.71, 2.50121, 299.996, 0.00259615, 6.19241e-05, 0.0
0.116064, 868.221, -0.00418295, 9999.78, 2.49988, 300.2, 0.00259615, 8.42656e-05, 0.0
0.116081, 868.16, -0.00459584, 9999.77, 2.49989, 300.156, 0.00259615, 0.000111218, 0.0
0.116101, 868.109, -0.00471375, 9999.77, 2.49996, 300.105, 0.00259615, 0.000143733, 0.0
0.116117, 868.064, -0.00316219, 9999.87, 2.49999, 300.065, 0.00259615, 0.000182958, 0.0
0.116133, 868.025, 0.00504974, 10000.3, 2.49999, 300.038, 0.00259615, 0.000230279, 0.0
0.116155, 867.989, 0.0331489, 10001.8, 2.49995, 300.025, 0.00259615, 0.000287366, 0.0
0.116196, 867.942, 0.106923, 10005.5, 2.49979, 300.03, 0.00259615, 0.000356235, 0.0
0.116268, 867.871, 0.25914, 10012.9, 2.49943, 300.066, 0.00259615, 0.000439317, 0.0
0.116371, 867.771, 0.50274, 10024.3, 2.49883, 300.142, 0.00259615, 0.000539546, 0.0
0.116481, 867.658, 0.791888, 10037.1, 2.49809, 300.243, 0.00259615, 0.00066046, 0.0
0.116551, 867.578, 1.01475, 10046.1, 2.4975, 300.329, 0.00259615, 0.000806329, 0.0
0.116545, 867.57, 1.05572, 10046.4, 2.49738, 300.353, 0.00259615, 0.000982303, 0.0
0.116465, 867.641, 0.888638, 10037.7, 2.49779, 300.302, 0.00259615, 0.00119459, 0.0
0.116352, 867.752, 0.602941, 10024.8, 2.49851, 300.205, 0.00259615, 0.0014507, 0.0
0.116253, 867.854, 0.328771, 10013.1, 2.4992, 300.111, 0.00259615, 0.00175966, 0.0
0.11619, 867.921, 0.14379, 10005.6, 2.49965, 300.048, 0.00259615, 0.00213239, 0.0
0.11616, 867.954, 0.0503884, 10001.9, 2.49988, 300.017, 0.00259615, 0.00258204, 0.0
0.116148, 867.967, 0.0141389, 10000.5, 2.49997, 300.005, 0.00259615, 0.00312449, 0.0
0.116145, 867.971, 0.00316107, 10000.1, 2.49999, 300.001, 0.00259615, 0.00377889, 0.0
0.116144, 867.972, 0.000476423, 10000, 2.5, 300, 0.00259615, 0.00456835, 0.0
0.0492185, 880.065, 124.998, 4392.27, 2.51482, 310.942, 0.00278846, 4.78068e-06, 0.0
0.130134, 880.045, -4.08144, 10275.2, 2.64695, 275.117, 0.00278846, 1.53287e-05, 0.0
0.119243, 879.157, 0.0318504, 9998.67, 2.56595, 292.164, 0.00278846, 2.80536e-05, 0.0
0.116906, 871.301, 0.0115166, 9998.96, 2.51794, 298.012, 0.00278846, 4.34048e-05, 0.0
0.116145, 868.389, -0.00200486, 9999.74, 2.50125, 299.988, 0.00278846, 6.19241e-05, 0.0
0.116064, 868.22, -0.00361393, 9999.81, 2.49988, 300.2, 0.00278846, 8.42656e-05, 0.0
0.116081, 868.16, -0.00396035, 9999.8, 2.49989, 300.156, 0.00278846, 0.000111218, 0.0
0.116101, 868.108, -0.00420782, 9999.8, 2.49996, 300.105, 0.00278846, 0.000143733, 0.0
0.116117, 868.064, -0.00373952, 9999.83, 2.49999, 300.066, 0.00278846, 0.000182958, 0.0
0.11613, 868.027, 0.000202199, 10000, 2.5, 300.039, 0.00278846, 0.000230279, 0.0
0.116146, 867.996, 0.0160961, 10000.9, 2.49998, 300.022, 0.00278846, 0.000287366, 0.0
0.116175, 867.96, 0.0633937, 10003.3, 2.49988, 300.02, 0.00278846, 0.000356235, 0.0
0.116229, 867.906, 0.173094, 10008.7, 2.49964, 300.042, 0.00278846, 0.000439317, 0.0
0.116317, 867.822, 0.370908, 10018.2, 2.49916, 300.099, 0.00278846, 0.000539546, 0.0
0.116423, 867.716, 0.639746, 10030.4, 2.49847, 300.19, 0.00278846, 0.00066046, 0.0
0.11651, 867.622, 0.892667, 10041, 2.49781, 300.284, 0.00278846, 0.000806329, 0.0
0.116534, 867.586, 1.00685, 10044.8, 2.4975, 300.334, 0.00278846, 0.000982303, 0.0
0.11648, 867.629, 0.915369, 10039.3, 2.49772, 300.31, 0.00278846, 0.00119459, 0.0
0.116378, 867.727, 0.668531, 10027.7, 2.49835, 300.228, 0.00278846, 0.0014507, 0.0
0.116275, 867.832, 0.391091, 10015.7, 2.49904, 300.133, 0.00278846, 0.00175966, 0.0
0.116203, 867.907, 0.182911, 10007.1, 2.49956, 300.061, 0.00278846, 0.00213239, 0.0
0.116165, 867.948, 0.0683299, 10002.6, 2.49984, 300.023, 0.00278846, 0.00258204, 0.0
0.11615, 867.965, 0.0203789, 10000.8, 2.49995, 300.007, 0.00278846, 0.00312449, 0.0
0.116145, 867.97, 0.00482598, 10000.2, 2.49999, 300.002, 0.00278846, 0.00377889, 0.0
0.116144, 867.971, 0.000761691, 10000, 2.5, 300, 0.00278846, 0.00456835, 0.0
0.0492251, 879.954, 124.973, 4393.09, 2.51444, 310.958, 0.00298077, 4.78068e-06, 0.0
0.130125, 879.936, -4.08151, 10275.2, 2.64653, 275.137, 0.00298077, 1.53287e-05, 0.0
0.119228, 879.133, 0.0314474, 9998.69, 2.56571, 292.203, 0.00298077, 2.80536e-05, 0.0
0.116923, 871.422, 0.0112457, 9999.01, 2.51847, 297.972, 0.00298077, 4.34048e-05, 0.0
0.116148, 868.394, -0.00158979, 9999.76, 2.50129, 299.981, 0.00298077, 6.19241e-05, 0.0
0.116065, 868.22, -0.00318392, 9999.84, 2.49988, 300.2, 0.00298077, 8.42656e-05, 0.0
0.116082, 868.16, -0.00346853, 9999.83, 2.49989, 300.156, 0.00298077, 0.000111218, 0.0
0.116101, 868.108, -0.00371939, 9999.82, 2.49995, 300.105, 0.00298077, 0.000143733, 0.0
0.116116, 868.064, -0.00368955, 9999.83, 2.49999, 300.066, 0.00298077, 0.000182958, 0.0
0.116128, 868.028, -0.00190103, 9999.93, 2.5, 300.039, 0.00298077, 0.000230279, 0.0
0.11614, 868, 0.00688016, 10000.4, 2.49999, 300.021, 0.00298077, 0.000287366, 0.0
0.116161, 867.971, 0.0365303, 10001.9, 2.49994, 300.015, 0.00298077, 0.000356235, 0.0
0.116201, 867.93, 0.11348, 10005.8, 2.49977, 300.026, 0.00298077, 0.000439317, 0.0
0.116273, 867.863, 0.268602, 10013.3, 2.49941, 300.067, 0.00298077, 0.000539546, 0.0
0.116371, 867.767, 0.506447, 10024.4, 2.49881, 300.144, 0.00298077, 0.00066046, 0.0
0.116467, 867.667, 0.767916, 10035.8, 2.49813, 300.239, 0.00298077, 0.000806329, 0.0
0.116514, 867.609, 0.937021, 10042.2, 2.49768, 300.307, 0.00298077, 0.000982303, 0.0
0.116487, 867.625, 0.918172, 10039.9, 2.49771, 300.31, 0.00298077, 0.00119459, 0.0
0.1164, 867.706, 0.720352, 10030.2, 2.49821, 300.245, 0.00298077, 0.0014507, 0.0
0.116297, 867.809, 0.451246, 10018.3, 2.49889, 300.154, 0.00298077, 0.00175966, 0.0
0.116217, 867.892, 0.225282, 10008.8, 2.49945, 300.076, 0.00298077, 0.00213239, 0.0
0.116172, 867.941, 0.0895623, 10003.4, 2.49979, 300.03, 0.00298077, 0.00258204, 0.0
0.116153, 867.962, 0.0283433, 10001.1, 2.49993, 300.009, 0.00298077, 0.00312449, 0.0
0.116146, 867.969, 0.00709723, 10000.3, 2.49998, 300.002, 0.00298077, 0.00377889, 0.0
0.116145, 867.971, 0.0011709, 10000.1, 2.5, 300.001, 0.00298077, 0.00456835, 0.0
0.0492309, 879.853, 124.95, 4393.85, 2.51408, 310.975, 0.00317308, 4.78068e-06, 0.0
0.130115, 879.837, -4.08155, 10275.2, 2.64614, 275.156, 0.00317308, 1.53287e-05, 0.0
0.119213, 879.105, 0.0310799, 9998.7, 2.56547, 292.239, 0.00317308, 2.80536e-05, 0.0
0.116939, 871.537, 0.0109451, 9999.06, 2.51896, 297.932, 0.00317308, 4.34048e-05, 0.0
0.116151, 868.4, -0.00125436, 9999.77, 2.50134, 299.975, 0.00317308, 6.19241e-05, 0.0
0.116065, 868.22, -0.0028508, 9999.85, 2.49989, 300.199, 0.00317308, 8.42656e-05, 0.0
0.116082, 868.16, -0.00308731, 9999.85, 2.49989, 300.156, 0.00317308, 0.000111218, 0.0
0.116101, 868.108, -0.00330518, 9999.84, 2.49995, 300.105, 0.00317308, 0.000143733, 0.0
0.116116, 868.064, -0.00343276, 9999.84, 2.49999, 300.067, 0.00317308, 0.000182958, 0.0
0.116128, 868.029, -0.00269854, 9999.88, 2.5, 300.039, 0.00317308, 0.000230279, 0.0
0.116137, 868.002, 0.00203723, 10000.1, 2.5, 300.021, 0.00317308, 0.000287366, 0.0
0.116152, 867.978, 0.0202795, 10001.1, 2.49997, 300.012, 0.00317308, 0.000356235, 0.0
0.116182, 867.947, 0.0730911, 10003.8, 2.49986, 300.016, 0.00317308, 0.000439317, 0.0
0.116238, 867.894, 0.1914, 10009.6, 2.49959, 300.045, 0.00317308, 0.000539546, 0.0
0.116325, 867.811, 0.393979, 10019.2, 2.49909, 300.107, 0.00317308, 0.00066046, 0.0
0.116423, 867.712, 0.647945, 10030.5, 2.49844, 300.196, 0.00317308, 0.000806329, 0.0
0.116488, 867.638, 0.853653, 10038.9, 2.49789, 300.276, 0.00317308, 0.000982303, 0.0
0.116486, 867.629, 0.899801, 10039.5, 2.49776, 300.302, 0.00317308, 0.00119459, 0.0
0.116417, 867.691, 0.756895, 10032.1, 2.49812, 300.258, 0.00317308, 0.0014507, 0.0
0.116318, 867.788, 0.5068, 10020.7, 2.49875, 300.173, 0.00317308, 0.00175966, 0.0
0.116233, 867.876, 0.269632, 10010.7, 2.49934, 300.091, 0.00317308, 0.00213239, 0.0
0.11618, 867.932, 0.113895, 10004.4, 2.49973, 300.038, 0.00317308, 0.00258204, 0.0
0.116156, 867.959, 0.0381868, 10001.4, 2.49991, 300.013, 0.00317308, 0.00312449, 0.0
0.116147, 867.968, 0.0100944, 10000.4, 2.49998, 300.003, 0.00317308, 0.00377889, 0.0
0.116145, 867.971, 0.00173784, 10000.1, 2.49999, 300.001, 0.00317308, 0.00456835, 0.0
0.0492361, 879.761, 124.928, 4394.56, 2.51374, 310.993, 0.00336538, 4.78068e-06, 0.0
0.130106, 879.746, -4.08157, 10275.2, 2.64577, 275.176, 0.00336538, 1.53287e-05, 0.0
0.119199, 879.075, 0.0307398, 9998.7, 2.56523, 292.273, 0.00336538, 2.80536e-05, 0.0
0.116955, 871.645, 0.010632, 9999.11, 2.51944, 297.894, 0.00336538, 4.34048e-05, 0.0
0.116154, 868.407, -0.000975548, 9999.78, 2.50139, 299.968, 0.00336538, 6.19241e-05, 0.0
0.116066, 868.22, -0.00258606, 9999.87, 2.49989, 300.199, 0.00336538, 8.42656e-05, 0.0
0.116082, 868.159, -0.00278732, 9999.86, 2.49989, 300.157, 0.00336538, 0.000111218, 0.0
0.116102, 868.108, -0.00296752, 9999.86, 2.49995, 300.106, 0.00336538, 0.000143733, 0.0
0.116116, 868.064, -0.00313604, 9999.85, 2.49999, 300.067, 0.00336538, 0.000182958, 0.0
0.116127, 868.029, -0.00290053, 9999.87, 2.5, 300.039, 0.00336538, 0.000230279, 0.0
0.116136, 868.003, -0.000419186, 10000, 2.5, 300.021, 0.00336538, 0.000287366, 0.0
0.116147, 867.982, 0.0106229, 10000.6, 2.49998, 300.011, 0.00336538, 0.000356235, 0.0
0.116168, 867.958, 0.0462286, 10002.4, 2.49992, 300.011, 0.00336538, 0.000439317, 0.0
0.116212, 867.917, 0.134453, 10006.8, 2.49972, 300.029, 0.00336538, 0.000539546, 0.0
0.116287, 867.847, 0.301888, 10014.9, 2.49932, 300.078, 0.00336538, 0.00066046, 0.0
0.116381, 867.754, 0.537607, 10025.6, 2.49872, 300.158, 0.00336538, 0.000806329, 0.0
0.116458, 867.671, 0.763344, 10035.2, 2.49812, 300.243, 0.00336538, 0.000982303, 0.0
0.116478, 867.64, 0.86393, 10038.4, 2.49785, 300.287, 0.00336538, 0.00119459, 0.0
0.116428, 867.681, 0.777783, 10033.3, 2.49806, 300.264, 0.00336538, 0.0014507, 0.0
0.116337, 867.769, 0.555718, 10023, 2.49863, 300.19, 0.00336538, 0.00175966, 0.0
0.116248, 867.86, 0.314573, 10012.6, 2.49923, 300.107, 0.00336538, 0.00213239, 0.0
0.116189, 867.923, 0.140975, 10005.5, 2.49966, 300.047, 0.00336538, 0.00258204, 0.0
0.116159, 867.955, 0.0500034, 10001.9, 2.49988, 300.017, 0.00336538, 0.00312449, 0.0
0.116148, 867.967, 0.0139328, 10000.5, 2.49997, 300.005, 0.00336538, 0.00377889, 0.0
0.116145, 867.971, 0.00249904, 10000.1, 2.49999, 300.001, 0.00336538, 0.00456835, 0.0
0.0492407, 879.676, 124.908, 4395.23, 2.51342, 311.011, 0.00355769, 4.78068e-06, 0.0
0.130096, 879.662, -4.08157, 10275.2, 2.64542, 275.196, 0.00355769, 1.53287e-05, 0.0
0.119186, 879.043, 0.0304222, 9998.7, 2.565, 292.305, 0.00355769, 2.80536e-05, 0.0
0.11697, 871.747, 0.0103172, 9999.15, 2.51989, 297.856, 0.00355769, 4.34048e-05, 0.0
0.116156, 868.414, -0.000738073, 9999.79, 2.50143, 299.962, 0.00355769, 6.19241e-05, 0.0
0.116066, 868.22, -0.00237051, 9999.88, 2.49989, 300.198, 0.00355769, 8.42656e-05, 0.0
0.116082, 868.159, -0.00254645, 9999.88, 2.49989, 300.157, 0.00355769, 0.000111218, 0.0
0.116102, 868.108, -0.00269391, 9999.87, 2.49995, 300.106, 0.00355769, 0.000143733, 0.0
0.116117, 868.063, -0.00285886, 9999.86, 2.49999, 300.067, 0.00355769, 0.000182958, 0.0
0.116127, 868.029, -0.00284793, 9999.87, 2.5, 300.04, 0.00355769, 0.000230279, 0.0
0.116135, 868.003, -0.0016001, 9999.94, 2.5, 300.022, 0.00355769, 0.000287366, 0.0
0.116143, 867.985, 0.00498298, 10000.3, 2.49999, 300.011, 0.00355769, 0.000356235, 0.0
0.116159, 867.966, 0.0286373, 10001.5, 2.49995, 300.007, 0.00355769, 0.000439317, 0.0
0.116193, 867.934, 0.0932275, 10004.8, 2.49981, 300.018, 0.00355769, 0.000539546, 0.0
0.116255, 867.876, 0.228295, 10011.4, 2.4995, 300.055, 0.00355769, 0.00066046, 0.0
0.116342, 867.792, 0.439567, 10021.2, 2.49896, 300.124, 0.00355769, 0.000806329, 0.0
0.116426, 867.704, 0.671512, 10031.3, 2.49836, 300.209, 0.00355769, 0.000982303, 0.0
0.116465, 867.656, 0.814623, 10036.6, 2.49798, 300.268, 0.00355769, 0.00119459, 0.0
0.116435, 867.677, 0.783601, 10033.9, 2.49805, 300.265, 0.00355769, 0.0014507, 0.0
0.116354, 867.753, 0.596469, 10024.9, 2.49852, 300.204, 0.00355769, 0.00175966, 0.0
0.116264, 867.844, 0.358701, 10014.4, 2.49912, 300.122, 0.00355769, 0.00213239, 0.0
0.116199, 867.912, 0.170304, 10006.6, 2.49959, 300.057, 0.00355769, 0.00258204, 0.0
0.116164, 867.95, 0.0638171, 10002.4, 2.49985, 300.021, 0.00355769, 0.00312449, 0.0
0.11615, 867.965, 0.0187166, 10000.7, 2.49996, 300.006, 0.00355769, 0.00377889, 0.0
0.116146, 867.97, 0.00349234, 10000.2, 2.49999, 300.002, 0.00355769, 0.00456835, 0.0
0.0492448, 879.597, 124.89, 4395.85, 2.51312, 311.029, 0.00375, 4.78068e-06, 0.0
0.130086, 879.585, -4.08157, 10275.1, 2.64509, 275.217, 0.00375, 1.53287e-05, 0.0
0.119173, 879.01, 0.030124, 9998.7, 2.56477, 292.336, 0.00375, 2.80536e-05, 0.0
0.116985, 871.843, 0.0100072, 9999.18, 2.52032, 297.82, 0.00375, 4.34048e-05, 0.0
0.116159, 868.421, -0.000531611, 9999.8, 2.50148, 299.955, 0.00375, 6.19241e-05, 0.0
0.116066, 868.22, -0.00219115, 9999.89, 2.49989, 300.198, 0.00375, 8.42656e-05, 0.0
0.116082, 868.159, -0.00234896, 9999.89, 2.49989, 300.157, 0.00375, 0.000111218, 0.0
0.116102, 868.108, -0.00247032, 9999.88, 2.49995, 300.106, 0.00375, 0.000143733, 0.0
0.116117, 868.063, -0.00261742, 9999.88, 2.49998, 300.067, 0.00375, 0.000182958, 0.0
0.116127, 868.029, -0.00269928, 9999.87, 2.5, 300.04, 0.00375, 0.000230279, 0.0
0.116135, 868.004, -0.00211414, 9999.91, 2.5, 300.022, 0.00375, 0.000287366, 0.0
0.116141, 867.986, 0.00174978, 10000.1, 2.5, 300.011, 0.00375, 0.000356235, 0.0
0.116153, 867.97, 0.01727, 10000.9, 2.49997, 300.006, 0.00375, 0.000439317, 0.0
0.116178, 867.946, 0.0638449, 10003.3, 2.49988, 300.011, 0.00375, 0.000539546, 0.0
0.116229, 867.9, 0.170652, 10008.6, 2.49963, 300.038, 0.00375, 0.00066046, 0.0
0.116308, 867.825, 0.354823, 10017.3, 2.49918, 300.096, 0.00375, 0.000806329, 0.0
0.116394, 867.738, 0.582272, 10027.4, 2.49859, 300.177, 0.00375, 0.000982303, 0.0
0.116447, 867.676, 0.755912, 10034.3, 2.49813, 300.246, 0.00375, 0.00119459, 0.0
0.116436, 867.677, 0.775671, 10033.9, 2.49807, 300.261, 0.00375, 0.0014507, 0.0
0.116368, 867.74, 0.628064, 10026.4, 2.49844, 300.214, 0.00375, 0.00175966, 0.0
0.11628, 867.828, 0.400687, 10016.3, 2.49902, 300.137, 0.00375, 0.00213239, 0.0
0.116209, 867.901, 0.201273, 10007.9, 2.49951, 300.068, 0.00375, 0.00258204, 0.0
0.116169, 867.944, 0.0795772, 10003, 2.49981, 300.027, 0.00375, 0.00312449, 0.0
0.116152, 867.963, 0.0245323, 10000.9, 2.49994, 300.008, 0.00375, 0.00377889, 0.0
0.116146, 867.969, 0.00475519, 10000.3, 2.49998, 300.002, 0.00375, 0.00456835, 0.0
0.0492485, 879.524, 124.872, 4396.45, 2.51283, 311.048, 0.00394231, 4.78068e-06, 0.0
0.130076, 879.512, -4.08156, 10275.1, 2.64477, 275.237, 0.00394231, 1.53287e-05, 0.0
0.119162, 878.976, 0.0298428, 9998.7, 2.56454, 292.365, 0.00394231, 2.80536e-05, 0.0
0.116999, 871.933, 0.00970608, 9999.22, 2.52074, 297.784, 0.00394231, 4.34048e-05, 0.0
0.116161, 868.429, -0.000349029, 9999.8, 2.50153, 299.949, 0.00394231, 6.19241e-05, 0.0
0.116067, 868.22, -0.00203901, 9999.89, 2.49989, 300.197, 0.00394231, 8.42656e-05, 0.0
0.116082, 868.159, -0.0021838, 9999.9, 2.49989, 300.157, 0.00394231, 0.000111218, 0.0
0.116102, 868.108, -0.00228497, 9999.89, 2.49995, 300.106, 0.00394231, 0.000143733, 0.0
0.116117, 868.063, -0.00241188, 9999.89, 2.49998, 300.067, 0.00394231, 0.000182958, 0.0
0.116127, 868.029, -0.00252524, 9999.88, 2.5, 300.04, 0.00394231, 0.000230279, 0.0
0.116134, 868.004, -0.00228875, 9999.9, 2.5, 300.022, 0.00394231, 0.000287366, 0.0
0.11614, 867.987, -6.17747e-05, 10000, 2.5, 300.011, 0.00394231, 0.000356235, 0.0
0.116149, 867.974, 0.0100119, 10000.6, 2.49998, 300.005, 0.00394231, 0.000439317, 0.0
0.116168, 867.955, 0.0431753, 10002.3, 2.49992, 300.007, 0.00394231, 0.000539546, 0.0
0.116209, 867.918, 0.126251, 10006.4, 2.49974, 300.026, 0.00394231, 0.00066046, 0.0
0.116278, 867.854, 0.283205, 10014, 2.49936, 300.073, 0.00394231, 0.000806329, 0.0
0.116362, 867.769, 0.498499, 10023.7, 2.4988, 300.148, 0.00394231, 0.000982303, 0.0
0.116426, 867.699, 0.691498, 10031.7, 2.49829, 300.222, 0.00394231, 0.00119459, 0.0
0.116433, 867.683, 0.755809, 10033.4, 2.49811, 300.253, 0.00394231, 0.0014507, 0.0
0.116379, 867.73, 0.650045, 10027.6, 2.49838, 300.222, 0.00394231, 0.00175966, 0.0
0.116295, 867.813, 0.439347, 10018, 2.49892, 300.15, 0.00394231, 0.00213239, 0.0
0.11622, 867.89, 0.233196, 10009.2, 2.49943, 300.079, 0.00394231, 0.00258204, 0.0
0.116175, 867.938, 0.0971578, 10003.7, 2.49977, 300.033, 0.00394231, 0.00312449, 0.0
0.116154, 867.961, 0.0314427, 10001.2, 2.49992, 300.011, 0.00394231, 0.00377889, 0.0
0.116147, 867.968, 0.00632278, 10000.4, 2.49998, 300.003, 0.00394231, 0.00456835, 0.0
0.0492519, 879.455, 124.856, 4397.02, 2.51255, 311.066, 0.00413462, 4.78068e-06, 0.0
0.130067, 879.444, -4.08154, 10275.1, 2.64447, 275.257, 0.00413462, 1.53287e-05, 0.0
0.11915, 878.943, 0.0295773, 9998.7, 2.56432, 292.393, 0.00413462, 2.80536e-05, 0.0
0.117013, 872.019, 0.00941624, 9999.25, 2.52113, 297.749, 0.00413462, 4.34048e-05, 0.0
0.116164, 868.437, -0.000185215, 9999.8, 2.50158, 299.944, 0.00413462, 6.19241e-05, 0.0
0.116067, 868.22, -0.00190773, 9999.9, 2.4999, 300.196, 0.00413462, 8.42656e-05, 0.0
0.116082, 868.159, -0.00204313, 9999.9, 2.49989, 300.157, 0.00413462, 0.000111218, 0.0
0.116102, 868.107, -0.00212879, 9999.9, 2.49995, 300.106, 0.00413462, 0.000143733, 0.0
0.116117, 868.063, -0.00223735, 9999.89, 2.49998, 300.067, 0.00413462, 0.000182958, 0.0
0.116127, 868.029, -0.00235505, 9999.89, 2.5, 300.04, 0.00413462, 0.000230279, 0.0
0.116134, 868.004, -0.00229697, 9999.9, 2.5, 300.022, 0.00413462, 0.000287366, 0.0
0.116139, 867.987, -0.00104435, 9999.97, 2.5, 300.011, 0.00413462, 0.000356235, 0.0
0.116146, 867.976, 0.00542972, 10000.3, 2.49999, 300.005, 0.00413462, 0.000439317, 0.0
0.11616, 867.961, 0.0287954, 10001.5, 2.49995, 300.004, 0.00413462, 0.000539546, 0.0
0.116193, 867.932, 0.0925261, 10004.8, 2.49981, 300.017, 0.00413462, 0.00066046, 0.0
0.116252, 867.877, 0.223802, 10011.1, 2.4995, 300.054, 0.00413462, 0.000806329, 0.0
0.116333, 867.799, 0.421989, 10020.3, 2.499, 300.121, 0.00413462, 0.000982303, 0.0
0.116403, 867.724, 0.624574, 10028.9, 2.49846, 300.197, 0.00413462, 0.00119459, 0.0
0.116426, 867.692, 0.72611, 10032.4, 2.49819, 300.241, 0.00413462, 0.0014507, 0.0
0.116386, 867.724, 0.662431, 10028.4, 2.49835, 300.225, 0.00413462, 0.00175966, 0.0
0.116308, 867.8, 0.473698, 10019.5, 2.49883, 300.162, 0.00413462, 0.00213239, 0.0
0.116232, 867.878, 0.265347, 10010.6, 2.49935, 300.09, 0.00413462, 0.00258204, 0.0
0.116181, 867.932, 0.116362, 10004.5, 2.49972, 300.039, 0.00413462, 0.00312449, 0.0
0.116157, 867.958, 0.0394826, 10001.5, 2.4999, 300.014, 0.00413462, 0.00377889, 0.0
0.116148, 867.967, 0.0082261, 10000.5, 2.49997, 300.004, 0.00413462, 0.00456835, 0.0
0.049255, 879.39, 124.84, 4397.55, 2.51229, 311.085, 0.00432692, 4.78068e-06, 0.0
0.130057, 879.38, -4.08152, 10275.1, 2.64418, 275.277, 0.00432692, 1.53287e-05, 0.0
0.119139, 878.909, 0.0293275, 9998.7, 2.5641, 292.42, 0.00432692, 2.80536e-05, 0.0
0.117027, 872.1, 0.00914021, 9999.28, 2.52151, 297.714, 0.00432692, 4.34048e-05, 0.0
0.116166, 868.446, -3.59467e-05, 9999.81, 2.50163, 299.938, 0.00432692, 6.19241e-05, 0.0
0.116067, 868.22, -0.00179248, 9999.91, 2.4999, 300.196, 0.00432692, 8.42656e-05, 0.0
0.116082, 868.159, -0.0019213, 9999.91, 2.49989, 300.157, 0.00432692, 0.000111218, 0.0
0.116102, 868.107, -0.00199517, 9999.91, 2.49995, 300.106, 0.00432692, 0.000143733, 0.0
0.116117, 868.063, -0.00208848, 9999.9, 2.49998, 300.067, 0.00432692, 0.000182958, 0.0
0.116127, 868.028, -0.00219975, 9999.9, 2.5, 300.04, 0.00432692, 0.000230279, 0.0
0.116134, 868.004, -0.00222938, 9999.9, 2.5, 300.022, 0.00432692, 0.000287366, 0.0
0.116139, 867.988, -0.00155096, 9999.94, 2.5, 300.011, 0.00432692, 0.000356235, 0.0
0.116144, 867.977, 0.00256873, 10000.2, 2.49999, 300.005, 0.00432692, 0.000439317, 0.0
0.116155, 867.965, 0.0188838, 10001, 2.49997, 300.003, 0.00432692, 0.000539546, 0.0
0.11618, 867.943, 0.0672086, 10003.5, 2.49987, 300.011, 0.00432692, 0.00066046, 0.0
0.116231, 867.897, 0.175295, 10008.8, 2.49962, 300.04, 0.00432692, 0.000806329, 0.0
0.116305, 867.825, 0.353647, 10017.2, 2.49917, 300.098, 0.00432692, 0.000982303, 0.0
0.11638, 867.748, 0.55773, 10026.1, 2.49864, 300.173, 0.00432692, 0.00119459, 0.0
0.116416, 867.704, 0.688741, 10031, 2.49829, 300.227, 0.00432692, 0.0014507, 0.0
0.116391, 867.721, 0.665635, 10028.8, 2.49834, 300.226, 0.00432692, 0.00175966, 0.0
0.11632, 867.788, 0.502988, 10020.9, 2.49876, 300.172, 0.00432692, 0.00213239, 0.0
0.116243, 867.866, 0.297009, 10011.9, 2.49927, 300.101, 0.00432692, 0.00258204, 0.0
0.116188, 867.924, 0.136939, 10005.3, 2.49967, 300.046, 0.00432692, 0.00312449, 0.0
0.11616, 867.955, 0.0486588, 10001.9, 2.49988, 300.017, 0.00432692, 0.00377889, 0.0
0.116149, 867.966, 0.0104915, 10000.6, 2.49996, 300.006, 0.00432692, 0.00456835, 0.0
0.0492577, 879.331, 124.825, 4398.07, 2.51204, 311.104, 0.00451923, 4.78068e-06, 0.0
0.130047, 879.321, -4.08148, 10275.1, 2.64391, 275.298, 0.00451923, 1.53287e-05, 0.0
0.119129, 878.877, 0.029089, 9998.69, 2.5639, 292.446, 0.00451923, 2.80536e-05, 0.0
0.117041, 872.175, 0.00887793, 9999.3, 2.52187, 297.681, 0.00451923, 4.34048e-05, 0.0
0.116168, 868.456, 0.000106088, 9999.81, 2.50168, 299.932, 0.00451923, 6.19241e-05, 0.0
0.116067, 868.22, -0.00168428, 9999.91, 2.4999, 300.195, 0.00451923, 8.42656e-05, 0.0
0.116082, 868.159, -0.00180938, 9999.91, 2.49989, 300.157, 0.00451923, 0.000111218, 0.0
0.116102, 868.107, -0.00187484, 9999.91, 2.49995, 300.106, 0.00451923, 0.000143733, 0.0
0.116117, 868.063, -0.00195588, 9999.91, 2.49998, 300.067, 0.00451923, 0.000182958, 0.0
0.116127, 868.028, -0.00205643, 9999.9, 2.5, 300.04, 0.00451923, 0.000230279, 0.0
0.116134, 868.004, -0.00212412, 9999.9, 2.5, 300.022, 0.00451923, 0.000287366, 0.0
0.116139, 867.988, -0.0017763, 9999.92, 2.5, 300.011, 0.00451923, 0.000356235, 0.0
0.116143, 867.978, 0.00082474, 10000.1, 2.5, 300.005, 0.00451923, 0.000439317, 0.0
0.116151, 867.968, 0.0121434, 10000.7, 2.49998, 300.002, 0.00451923, 0.000539546, 0.0
0.116171, 867.95, 0.0484567, 10002.5, 2.49991, 300.007, 0.00451923, 0.00066046, 0.0
0.116213, 867.913, 0.136323, 10006.9, 2.49971, 300.029, 0.00451923, 0.000806329, 0.0
0.116281, 867.849, 0.293903, 10014.4, 2.49932, 300.078, 0.00451923, 0.000982303, 0.0
0.116356, 867.772, 0.493193, 10023.3, 2.4988, 300.15, 0.00451923, 0.00119459, 0.0
0.116403, 867.719, 0.646024, 10029.3, 2.49839, 300.211, 0.00451923, 0.0014507, 0.0
0.116392, 867.721, 0.660485, 10028.8, 2.49835, 300.223, 0.00451923, 0.00175966, 0.0
0.116331, 867.778, 0.526677, 10022.1, 2.49869, 300.18, 0.00451923, 0.00213239, 0.0
0.116254, 867.855, 0.327383, 10013.2, 2.4992, 300.112, 0.00451923, 0.00258204, 0.0
0.116195, 867.917, 0.158474, 10006.2, 2.49962, 300.054, 0.00451923, 0.00312449, 0.0
0.116163, 867.951, 0.0588795, 10002.3, 2.49985, 300.021, 0.00451923, 0.00377889, 0.0
0.116151, 867.964, 0.0131181, 10000.8, 2.49995, 300.007, 0.00451923, 0.00456835, 0.0
0.0492595, 879.28, 124.812, 4398.55, 2.51181, 311.126, 0.00471154, 4.78068e-06, 0.0
0.130036, 879.271, -4.08129, 10275.1, 2.64365, 275.321, 0.00471154, 1.53287e-05, 0.0
0.119118, 878.848, 0.0290827, 9998.7, 2.56369, 292.473, 0.00471154, 2.80536e-05, 0.0
0.117056, 872.238, 0.00881181, 9999.33, 2.52221, 297.643, 0.00471154, 4.34048e-05, 0.0
0.11617, 868.464, 0.000295524, 9999.81, 2.50172, 299.926, 0.00471154, 6.19241e-05, 0.0
0.116068, 868.22, -0.00155738, 9999.92, 2.4999, 300.194, 0.00471154, 8.42656e-05, 0.0
0.116082, 868.159, -0.00169049, 9999.92, 2.49989, 300.157, 0.00471154, 0.000111218, 0.0
0.116102, 868.107, -0.00175793, 9999.92, 2.49995, 300.106, 0.00471154, 0.000143733, 0.0
0.116117, 868.063, -0.00183901, 9999.91, 2.49998, 300.067, 0.00471154, 0.000182958, 0.0
0.116127, 868.028, -0.00194193, 9999.91, 2.5, 300.04, 0.00471154, 0.000230279, 0.0
0.116134, 868.004, -0.00204492, 9999.91, 2.5, 300.022, 0.00471154, 0.000287366, 0.0
0.116139, 867.988, -0.00192732, 9999.92, 2.5, 300.012, 0.00471154, 0.000356235, 0.0
0.116142, 867.978, -0.000392233, 10000, 2.5, 300.005, 0.00471154, 0.000439317, 0.0
0.116148, 867.97, 0.00720333, 10000.4, 2.49999, 300.002, 0.00471154, 0.000539546, 0.0
0.116164, 867.956, 0.033815, 10001.8, 2.49994, 300.004, 0.00471154, 0.00066046, 0.0
0.116199, 867.924, 0.103615, 10005.4, 2.49978, 300.019, 0.00471154, 0.000806329, 0.0
0.11626, 867.867, 0.239567, 10012, 2.49945, 300.06, 0.00471154, 0.000982303, 0.0
0.116334, 867.793, 0.428637, 10020.6, 2.49896, 300.126, 0.00471154, 0.00119459, 0.0
0.116388, 867.733, 0.596597, 10027.4, 2.49852, 300.191, 0.00471154, 0.0014507, 0.0
0.116391, 867.724, 0.646445, 10028.5, 2.49838, 300.217, 0.00471154, 0.00175966, 0.0
0.116339, 867.771, 0.545125, 10023, 2.49865, 300.186, 0.00471154, 0.00213239, 0.0
0.116265, 867.846, 0.357596, 10014.5, 2.49913, 300.123, 0.00471154, 0.00258204, 0.0
0.116203, 867.91, 0.182253, 10007.1, 2.49956, 300.063, 0.00471154, 0.00312449, 0.0
0.116167, 867.947, 0.0710101, 10002.8, 2.49982, 300.025, 0.00471154, 0.00377889, 0.0
0.116153, 867.963, 0.0163828, 10001.1, 2.49993, 300.01, 0.00471154, 0.00456835, 0.0
