density, u_velocity, v_velocity, pressure, x_points, y_points, z_points
0.116144, 867.972, 8.76507e-14, 10000, 0.294118, 0.12, 0.0
0.116144, 867.972, 6.77886e-15, 10000, 0.294118, 0.36, 0.0
0.116144, 867.972, -1.5584e-16, 10000, 0.294118, 0.6, 0.0
0.116144, 867.972, -5.81536e-15, 10000, 0.294118, 0.84, 0.0
0.116144, 867.972, -3.05376e-14, 10000, 0.294118, 1.08, 0.0
0.116144, 867.972, 3.64789e-14, 10000, 0.294118, 1.32, 0.0
0.116144, 867.972, 2.71507e-14, 10000, 0.294118, 1.56, 0.0
0.116144, 867.972, -9.64269e-14, 10000, 0.294118, 1.8, 0.0
0.116144, 867.972, -6.88262e-14, 10000, 0.294118, 2.04, 0.0
0.116144, 867.972, 1.97727e-14, 10000, 0.294118, 2.28, 0.0
0.116144, 867.972, -5.45587e-14, 10000, 0.294118, 2.52, 0.0
0.116144, 867.972, -8.46919e-14, 10000, 0.294118, 2.76, 0.0
0.116144, 867.972, -8.66684e-15, 10000, 0.294118, 3, 0.0
0.116144, 867.972, -1.30037e-14, 10000, 0.294118, 3.24, 0.0
0.116144, 867.972, 1.2015e-13, 10000, 0.294118, 3.48, 0.0
0.116144, 867.972, 5.78777e-14, 10000, 0.294118, 3.72, 0.0
0.116144, 867.972, -6.17102e-14, 10000, 0.294118, 3.96, 0.0
0.116144, 867.972, -2.0291e-14, 10000, 0.294118, 4.2, 0.0
0.116144, 867.972, 1.04594e-14, 10000, 0.294118, 4.44, 0.0
0.116144, 867.972, 4.86603e-14, 10000, 0.294118, 4.68, 0.0
0.116144, 867.972, -5.59877e-14, 10000, 0.294118, 4.92, 0.0
0.116144, 867.972, 2.53613e-15, 10000, 0.294118, 5.16, 0.0
0.116144, 867.972, -3.34993e-14, 10000, 0.294118, 5.4, 0.0
0.116144, 867.972, 1.33166e-14, 10000, 0.294118, 5.64, 0.0
0.116144, 867.972, 4.96865e-14, 10000, 0.294118, 5.88, 0.0
0.116144, 867.972, 1.03113e-13, 10000, 0.882353, 0.12, 0.0
0.116144, 867.972, 2.25956e-13, 10000, 0.882353, 0.36, 0.0
0.116144, 867.972, 6.19564e-14, 10000, 0.882353, 0.6, 0.0
0.116144, 867.972, 7.06124e-14, 10000, 0.882353, 0.84, 0.0
0.116144, 867.972, 2.01434e-13, 10000, 0.882353, 1.08, 0.0
0.116144, 867.972, 1.36195e-13, 10000, 0.882353, 1.32, 0.0
0.116144, 867.972, 9.84064e-14, 10000, 0.882353, 1.56, 0.0
0.116144, 867.972, -2.57301e-14, 10000, 0.882353, 1.8, 0.0
0.116144, 867.972, 6.50963e-15, 10000, 0.882353, 2.04, 0.0
0.116144, 867.972, 5.67058e-15, 10000, 0.882353, 2.28, 0.0
0.116144, 867.972, 9.26676e-15, 10000, 0.882353, 2.52, 0.0
0.116144, 867.972, -2.64269e-14, 10000, 0.882353, 2.76, 0.0
0.116144, 867.972, -6.32265e-14, 10000, 0.882353, 3, 0.0
0.116144, 867.972, 8.71663e-14, 10000, 0.882353, 3.24, 0.0
0.116144, 867.972, 2.5446e-13, 10000, 0.882353, 3.48, 0.0
0.116144, 867.972, 5.12657e-14, 10000, 0.882353, 3.72, 0.0
0.116144, 867.972, -6.9895e-15, 10000, 0.882353, 3.96, 0.0
0.116144, 867.972, 2.66859e-14, 10000, 0.882353, 4.2, 0.0
0.116144, 867.972, 3.16062e-15, 10000, 0.882353, 4.44, 0.0
0.116144, 867.972, 1.72618e-15, 10000, 0.882353, 4.68, 0.0
0.116144, 867.972, 3.41806e-14, 10000, 0.882353, 4.92, 0.0
0.116144, 867.972, -4.17402e-14, 10000, 0.882353, 5.16, 0.0
0.116144, 867.972, 3.49266e-14, 10000, 0.882353, 5.4, 0.0
0.116144, 867.972, -6.81777e-14, 10000, 0.882353, 5.64, 0.0
0.116144, 867.972, 1.62388e-14, 10000, 0.882353, 5.88, 0.0
0.116144, 867.972, 1.25079e-14, 10000, 1.47059, 0.12, 0.0
0.116144, 867.972, -3.28437e-13, 10000, 1.47059, 0.36, 0.0
0.116144, 867.972, -5.10033e-13, 10000, 1.47059, 0.6, 0.0
0.116144, 867.972, -7.20628e-13, 10000, 1.47059, 0.84, 0.0
0.116144, 867.972, -7.89856e-13, 10000, 1.47059, 1.08, 0.0
0.116144, 867.972, -7.14765e-13, 10000, 1.47059, 1.32, 0.0
0.116144, 867.972, -7.07933e-13, 10000, 1.47059, 1.56, 0.0
0.116144, 867.972, -6.52852e-13, 10000, 1.47059, 1.8, 0.0
0.116144, 867.972, -5.9665e-13, 10000, 1.47059, 2.04, 0.0
0.116144, 867.972, -3.83887e-13, 10000, 1.47059, 2.28, 0.0
0.116144, 867.972, -3.47947e-13, 10000, 1.47059, 2.52, 0.0
0.116144, 867.972, -3.2741e-13, 10000, 1.47059, 2.76, 0.0
0.116144, 867.972, -2.22676e-13, 10000, 1.47059, 3, 0.0
0.116144, 867.972, -9.61481e-14, 10000, 1.47059, 3.24, 0.0
0.116144, 867.972, -6.53716e-14, 10000, 1.47059, 3.48, 0.0
0.116144, 867.972, 4.01326e-14, 10000, 1.47059, 3.72, 0.0
0.116144, 867.972, 3.09958e-14, 10000, 1.47059, 3.96, 0.0
0.116144, 867.972, -7.97264e-14, 10000, 1.47059, 4.2, 0.0
0.116144, 867.972, -5.61551e-16, 10000, 1.47059, 4.44, 0.0
0.116144, 867.972, -5.45786e-15, 10000, 1.47059, 4.68, 0.0
0.116144, 867.972, -9.40489e-14, 10000, 1.47059, 4.92, 0.0
0.116144, 867.972, 4.17499e-14, 10000, 1.47059, 5.16, 0.0
0.116144, 867.972, -3.4774e-14, 10000, 1.47059, 5.4, 0.0
0.116144, 867.972, -5.78101e-14, 10000, 1.47059, 5.64, 0.0
0.116144, 867.972, -2.68437e-14, 10000, 1.47059, 5.88, 0.0
0.116144, 867.972, 9.66288e-13, 10000, 2.05882, 0.12, 0.0
0.116144, 867.972, 2.69377e-12, 10000, 2.05882, 0.36, 0.0
0.116144, 867.972, 4.18725e-12, 10000, 2.05882, 0.6, 0.0
0.116144, 867.972, 4.93847e-12, 10000, 2.05882, 0.84, 0.0
0.116144, 867.972, 5.38267e-12, 10000, 2.05882, 1.08, 0.0
0.116144, 867.972, 5.20084e-12, 10000, 2.05882, 1.32, 0.0
0.116144, 867.972, 4.79219e-12, 10000, 2.05882, 1.56, 0.0
0.116144, 867.972, 4.11406e-12, 10000, 2.05882, 1.8, 0.0
0.116144, 867.972, 3.36776e-12, 10000, 2.05882, 2.04, 0.0
0.116144, 867.972, 2.81373e-12, 10000, 2.05882, 2.28, 0.0
0.116144, 867.972, 1.93478e-12, 10000, 2.05882, 2.52, 0.0
0.116144, 867.972, 1.54904e-12, 10000, 2.05882, 2.76, 0.0
0.116144, 867.972, 1.16254e-12, 10000, 2.05882, 3, 0.0
0.116144, 867.972, 7.89593e-13, 10000, 2.05882, 3.24, 0.0
0.116144, 867.972, 5.19099e-13, 10000, 2.05882, 3.48, 0.0
0.116144, 867.972, 2.24957e-13, 10000, 2.05882, 3.72, 0.0
0.116144, 867.972, 1.85321e-13, 10000, 2.05882, 3.96, 0.0
0.116144, 867.972, 1.36375e-13, 10000, 2.05882, 4.2, 0.0
0.116144, 867.972, 6.51836e-14, 10000, 2.05882, 4.44, 0.0
0.116144, 867.972, 7.48715e-14, 10000, 2.05882, 4.68, 0.0
0.116144, 867.972, -2.43577e-14, 10000, 2.05882, 4.92, 0.0
0.116144, 867.972, -2.06063e-14, 10000, 2.05882, 5.16, 0.0
0.116144, 867.972, 6.65729e-14, 10000, 2.05882, 5.4, 0.0
0.116144, 867.972, 7.58927e-14, 10000, 2.05882, 5.64, 0.0
0.116144, 867.972, 9.3135e-14, 10000, 2.05882, 5.88, 0.0
0.116144, 867.972, -7.04211e-12, 10000, 2.64706, 0.12, 0.0
0.116144, 867.972, -2.01595e-11, 10000, 2.64706, 0.36, 0.0
0.116144, 867.972, -3.01847e-11, 10000, 2.64706, 0.6, 0.0
0.116144, 867.972, -3.63825e-11, 10000, 2.64706, 0.84, 0.0
0.116144, 867.972, -3.84303e-11, 10000, 2.64706, 1.08, 0.0
0.116144, 867.972, -3.7045e-11, 10000, 2.64706, 1.32, 0.0
0.116144, 867.972, -3.32722e-11, 10000, 2.64706, 1.56, 0.0
0.116144, 867.972, -2.81894e-11, 10000, 2.64706, 1.8, 0.0
0.116144, 867.972, -2.26837e-11, 10000, 2.64706, 2.04, 0.0
0.116144, 867.972, -1.74621e-11, 10000, 2.64706, 2.28, 0.0
0.116144, 867.972, -1.3094e-11, 10000, 2.64706, 2.52, 0.0
0.116144, 867.972, -9.44124e-12, 10000, 2.64706, 2.76, 0.0
0.116144, 867.972, -6.50184e-12, 10000, 2.64706, 3, 0.0
0.116144, 867.972, -4.28613e-12, 10000, 2.64706, 3.24, 0.0
0.116144, 867.972, -2.88915e-12, 10000, 2.64706, 3.48, 0.0
0.116144, 867.972, -2.02473e-12, 10000, 2.64706, 3.72, 0.0
0.116144, 867.972, -1.28882e-12, 10000, 2.64706, 3.96, 0.0
0.116144, 867.972, -7.69405e-13, 10000, 2.64706, 4.2, 0.0
0.116144, 867.972, -4.08735e-13, 10000, 2.64706, 4.44, 0.0
0.116144, 867.972, -2.44845e-13, 10000, 2.64706, 4.68, 0.0
0.116144, 867.972, -2.63813e-13, 10000, 2.64706, 4.92, 0.0
0.116144, 867.972, -2.00699e-13, 10000, 2.64706, 5.16, 0.0
0.116144, 867.972, 8.75981e-14, 10000, 2.64706, 5.4, 0.0
0.116144, 867.972, 1.16339e-13, 10000, 2.64706, 5.64, 0.0
0.116144, 867.972, -3.50393e-14, 10000, 2.64706, 5.88, 0.0
0.116144, 867.972, 5.26189e-11, 10000, 3.23529, 0.12, 0.0
0.116144, 867.972, 1.49148e-10, 10000, 3.23529, 0.36, 0.0
0.116144, 867.972, 2.21982e-10, 10000, 3.23529, 0.6, 0.0
0.116144, 867.972, 2.63414e-10, 10000, 3.23529, 0.84, 0.0
0.116144, 867.972, 2.73533e-10, 10000, 3.23529, 1.08, 0.0
0.116144, 867.972, 2.58563e-10, 10000, 3.23529, 1.32, 0.0
0.116144, 867.972, 2.27129e-10, 10000, 3.23529, 1.56, 0.0
0.116144, 867.972, 1.88021e-10, 10000, 3.23529, 1.8, 0.0
0.116144, 867.972, 1.47938e-10, 10000, 3.23529, 2.04, 0.0
0.116144, 867.972, 1.11625e-10, 10000, 3.23529, 2.28, 0.0
0.116144, 867.972, 8.09171e-11, 10000, 3.23529, 2.52, 0.0
0.116144, 867.972, 5.67129e-11, 10000, 3.23529, 2.76, 0.0
0.116144, 867.972, 3.86777e-11, 10000, 3.23529, 3, 0.0
0.116144, 867.972, 2.56829e-11, 10000, 3.23529, 3.24, 0.0
0.116144, 867.972, 1.65732e-11, 10000, 3.23529, 3.48, 0.0
0.116144, 867.972, 1.03732e-11, 10000, 3.23529, 3.72, 0.0
0.116144, 867.972, 6.40836e-12, 10000, 3.23529, 3.96, 0.0
0.116144, 867.972, 3.93542e-12, 10000, 3.23529, 4.2, 0.0
0.116144, 867.972, 2.31192e-12, 10000, 3.23529, 4.44, 0.0
0.116144, 867.972, 1.34921e-12, 10000, 3.23529, 4.68, 0.0
0.116144, 867.972, 7.50682e-13, 10000, 3.23529, 4.92, 0.0
0.116144, 867.972, 2.60397e-13, 10000, 3.23529, 5.16, 0.0
0.116144, 867.972, 3.66797e-13, 10000, 3.23529, 5.4, 0.0
0.116144, 867.972, 1.49676e-13, 10000, 3.23529, 5.64, 0.0
0.116144, 867.972, -1.1239e-13, 10000, 3.23529, 5.88, 0.0
0.116144, 867.972, -3.97138e-10, 10000, 3.82353, 0.12, 0.0
0.116144, 867.972, -1.11827e-09, 10000, 3.82353, 0.36, 0.0
0.116144, 867.972, -1.64554e-09, 10000, 3.82353, 0.6, 0.0
0.116144, 867.972, -1.92089e-09, 10000, 3.82353, 0.84, 0.0
0.116144, 867.972, -1.95529e-09, 10000, 3.82353, 1.08, 0.0
0.116144, 867.972, -1.80658e-09, 10000, 3.82353, 1.32, 0.0
0.116144, 867.972, -1.54892e-09, 10000, 3.82353, 1.56, 0.0
0.116144, 867.972, -1.24972e-09, 10000, 3.82353, 1.8, 0.0
0.116144, 867.972, -9.58251e-10, 10000, 3.82353, 2.04, 0.0
0.116144, 867.972, -7.03403e-10, 10000, 3.82353, 2.28, 0.0
0.116144, 867.972, -4.96869e-10, 10000, 3.82353, 2.52, 0.0
0.116144, 867.972, -3.39275e-10, 10000, 3.82353, 2.76, 0.0
0.116144, 867.972, -2.24747e-10, 10000, 3.82353, 3, 0.0
0.116144, 867.972, -1.44785e-10, 10000, 3.82353, 3.24, 0.0
0.116144, 867.972, -9.09886e-11, 10000, 3.82353, 3.48, 0.0
0.116144, 867.972, -5.5838e-11, 10000, 3.82353, 3.72, 0.0
0.116144, 867.972, -3.34732e-11, 10000, 3.82353, 3.96, 0.0
0.116144, 867.972, -1.96606e-11, 10000, 3.82353, 4.2, 0.0
0.116144, 867.972, -1.14118e-11, 10000, 3.82353, 4.44, 0.0
0.116144, 867.972, -6.59661e-12, 10000, 3.82353, 4.68, 0.0
0.116144, 867.972, -3.71035e-12, 10000, 3.82353, 4.92, 0.0
0.116144, 867.972, -1.91429e-12, 10000, 3.82353, 5.16, 0.0
0.116144, 867.972, -1.05561e-12, 10000, 3.82353, 5.4, 0.0
0.116144, 867.972, -5.64704e-13, 10000, 3.82353, 5.64, 0.0
0.116144, 867.972, -2.20807e-13, 10000, 3.82353, 5.88, 0.0
0.116144, 867.972, 3.0342e-09, 10000, 4.41176, 0.12, 0.0
0.116144, 867.972, 8.48164e-09, 10000, 4.41176, 0.36, 0.0
0.116144, 867.972, 1.23079e-08, 10000, 4.41176, 0.6, 0.0
0.116144, 867.972, 1.40839e-08, 10000, 4.41176, 0.84, 0.0
0.116144, 867.972, 1.39971e-08, 10000, 4.41176, 1.08, 0.0
0.116144, 867.972, 1.25941e-08, 10000, 4.41176, 1.32, 0.0
0.116144, 867.972, 1.04979e-08, 10000, 4.41176, 1.56, 0.0
0.116144, 867.972, 8.22667e-09, 10000, 4.41176, 1.8, 0.0
0.116144, 867.972, 6.12277e-09, 10000, 4.41176, 2.04, 0.0
0.116144, 867.972, 4.3604e-09, 10000, 4.41176, 2.28, 0.0
0.116144, 867.972, 2.9884e-09, 10000, 4.41176, 2.52, 0.0
0.116144, 867.972, 1.97977e-09, 10000, 4.41176, 2.76, 0.0
0.116144, 867.972, 1.27234e-09, 10000, 4.41176, 3, 0.0
0.116144, 867.972, 7.95417e-10, 10000, 4.41176, 3.24, 0.0
0.116144, 867.972, 4.8497e-10, 10000, 4.41176, 3.48, 0.0
0.116144, 867.972, 2.8882e-10, 10000, 4.41176, 3.72, 0.0
0.116144, 867.972, 1.68452e-10, 10000, 4.41176, 3.96, 0.0
0.116144, 867.972, 9.62515e-11, 10000, 4.41176, 4.2, 0.0
0.116144, 867.972, 5.39734e-11, 10000, 4.41176, 4.44, 0.0
0.116144, 867.972, 2.97474e-11, 10000, 4.41176, 4.68, 0.0
0.116144, 867.972, 1.60784e-11, 10000, 4.41176, 4.92, 0.0
0.116144, 867.972, 8.5925e-12, 10000, 4.41176, 5.16, 0.0
0.116144, 867.972, 4.39045e-12, 10000, 4.41176, 5.4, 0.0
0.116144, 867.972, 1.83571e-12, 10000, 4.41176, 5.64, 0.0
0.116144, 867.972, 6.5959e-13, 10000, 4.41176, 5.88, 0.0
0.116144, 867.972, -2.34985e-08, 10000, 5, 0.12, 0.0
0.116144, 867.972, -6.51015e-08, 10000, 5, 0.36, 0.0
0.116144, 867.972, -9.28925e-08, 10000, 5, 0.6, 0.0
0.116144, 867.972, -1.03785e-07, 10000, 5, 0.84, 0.0
0.116144, 867.972, -1.0026e-07, 10000, 5, 1.08, 0.0
0.116144, 867.972, -8.74532e-08, 10000, 5, 1.32, 0.0
0.116144, 867.972, -7.05613e-08, 10000, 5, 1.56, 0.0
0.116144, 867.972, -5.34802e-08, 10000, 5, 1.8, 0.0
0.116144, 867.972, -3.84834e-08, 10000, 5, 2.04, 0.0
0.116144, 867.972, -2.6495e-08, 10000, 5, 2.28, 0.0
0.116144, 867.972, -1.75549e-08, 10000, 5, 2.52, 0.0
0.116144, 867.972, -1.12444e-08, 10000, 5, 2.76, 0.0
0.116144, 867.972, -6.98772e-09, 10000, 5, 3, 0.0
0.116144, 867.972, -4.22525e-09, 10000, 5, 3.24, 0.0
0.116144, 867.972, -2.49177e-09, 10000, 5, 3.48, 0.0
0.116144, 867.972, -1.43594e-09, 10000, 5, 3.72, 0.0
0.116144, 867.972, -8.09833e-10, 10000, 5, 3.96, 0.0
0.116144, 867.972, -4.47492e-10, 10000, 5, 4.2, 0.0
0.116144, 867.972, -2.42645e-10, 10000, 5, 4.44, 0.0
0.116144, 867.972, -1.29215e-10, 10000, 5, 4.68, 0.0
0.116144, 867.972, -6.74754e-11, 10000, 5, 4.92, 0.0
0.116144, 867.972, -3.45584e-11, 10000, 5, 5.16, 0.0
0.116144, 867.972, -1.70896e-11, 10000, 5, 5.4, 0.0
0.116144, 867.972, -7.77678e-12, 10000, 5, 5.64, 0.0
0.116144, 867.972, -2.20493e-12, 10000, 5, 5.88, 0.0
0.116144, 867.972, 1.84894e-07, 10000, 5.58824, 0.12, 0.0
0.116144, 867.972, 5.06945e-07, 10000, 5.58824, 0.36, 0.0
0.116144, 867.972, 7.09205e-07, 10000, 5.58824, 0.6, 0.0
0.116144, 867.972, 7.69658e-07, 10000, 5.58824, 0.84, 0.0
0.116144, 867.972, 7.18393e-07, 10000, 5.58824, 1.08, 0.0
0.116144, 867.972, 6.03893e-07, 10000, 5.58824, 1.32, 0.0
0.116144, 867.972, 4.69012e-07, 10000, 5.58824, 1.56, 0.0
0.116144, 867.972, 3.42021e-07, 10000, 5.58824, 1.8, 0.0
0.116144, 867.972, 2.36787e-07, 10000, 5.58824, 2.04, 0.0
0.116144, 867.972, 1.56872e-07, 10000, 5.58824, 2.28, 0.0
0.116144, 867.972, 1.00044e-07, 10000, 5.58824, 2.52, 0.0
0.116144, 867.972, 6.16967e-08, 10000, 5.58824, 2.76, 0.0
0.116144, 867.972, 3.69239e-08, 10000, 5.58824, 3, 0.0
0.116144, 867.972, 2.15058e-08, 10000, 5.58824, 3.24, 0.0
0.116144, 867.972, 1.22178e-08, 10000, 5.58824, 3.48, 0.0
0.116144, 867.972, 6.78294e-09, 10000, 5.58824, 3.72, 0.0
0.116144, 867.972, 3.68534e-09, 10000, 5.58824, 3.96, 0.0
0.116144, 867.972, 1.96207e-09, 10000, 5.58824, 4.2, 0.0
0.116144, 867.972, 1.02442e-09, 10000, 5.58824, 4.44, 0.0
0.116144, 867.972, 5.2483e-10, 10000, 5.58824, 4.68, 0.0
0.116144, 867.972, 2.64094e-10, 10000, 5.58824, 4.92, 0.0
0.116144, 867.972, 1.30054e-10, 10000, 5.58824, 5.16, 0.0
0.116144, 867.972, 6.21544e-11, 10000, 5.58824, 5.4, 0.0
0.116144, 867.972, 2.73935e-11, 10000, 5.58824, 5.64, 0.0
0.116144, 867.972, 7.80485e-12, 10000, 5.58824, 5.88, 0.0
0.116144, 867.972, -1.48207e-06, 10000, 6.17647, 0.12, 0.0
0.116144, 867.972, -4.009e-06, 10000, 6.17647, 0.36, 0.0
0.116144, 867.972, -5.47231e-06, 10000, 6.17647, 0.6, 0.0
0.116144, 867.972, -5.7271e-06, 10000, 6.17647, 0.84, 0.0
0.116144, 867.972, -5.12745e-06, 10000, 6.17647, 1.08, 0.0
0.116144, 867.972, -4.12539e-06, 10000, 6.17647, 1.32, 0.0
0.116144, 867.972, -3.06421e-06, 10000, 6.17647, 1.56, 0.0
0.116144, 867.972, -2.13696e-06, 10000, 6.17647, 1.8, 0.0
0.116144, 867.972, -1.41529e-06, 10000, 6.17647, 2.04, 0.0
0.116144, 867.972, -8.97368e-07, 10000, 6.17647, 2.28, 0.0
0.116144, 867.972, -5.47969e-07, 10000, 6.17647, 2.52, 0.0
0.116144, 867.972, -3.23706e-07, 10000, 6.17647, 2.76, 0.0
0.116144, 867.972, -1.85636e-07, 10000, 6.17647, 3, 0.0
0.116144, 867.972, -1.03625e-07, 10000, 6.17647, 3.24, 0.0
0.116144, 867.972, -5.6427e-08, 10000, 6.17647, 3.48, 0.0
0.116144, 867.972, -3.00232e-08, 10000, 6.17647, 3.72, 0.0
0.116144, 867.972, -1.56295e-08, 10000, 6.17647, 3.96, 0.0
0.116144, 867.972, -7.96861e-09, 10000, 6.17647, 4.2, 0.0
0.116144, 867.972, -3.9819e-09, 10000, 6.17647, 4.44, 0.0
0.116144, 867.972, -1.95113e-09, 10000, 6.17647, 4.68, 0.0
0.116144, 867.972, -9.37394e-10, 10000, 6.17647, 4.92, 0.0
0.116144, 867.972, -4.41083e-10, 10000, 6.17647, 5.16, 0.0
0.116144, 867.972, -2.01387e-10, 10000, 6.17647, 5.4, 0.0
0.116144, 867.972, -8.50408e-11, 10000, 6.17647, 5.64, 0.0
0.116144, 867.972, -2.31834e-11, 10000, 6.17647, 5.88, 0.0
0.116144, 867.972, 1.21256e-05, 10000, 6.76471, 0.12, 0.0
0.116144, 867.972, 3.23186e-05, 10000, 6.76471, 0.36, 0.0
0.116144, 867.972, 4.29363e-05, 10000, 6.76471, 0.6, 0.0
0.116144, 867.972, 4.2961e-05, 10000, 6.76471, 0.84, 0.0
0.116144, 867.972, 3.65018e-05, 10000, 6.76471, 1.08, 0.0
0.116144, 867.972, 2.78257e-05, 10000, 6.76471, 1.32, 0.0
0.116144, 867.972, 1.95856e-05, 10000, 6.76471, 1.56, 0.0
0.116144, 867.972, 1.29541e-05, 10000, 6.76471, 1.8, 0.0
0.116144, 867.972, 8.14459e-06, 10000, 6.76471, 2.04, 0.0
0.116144, 867.972, 4.90697e-06, 10000, 6.76471, 2.28, 0.0
0.116144, 867.972, 2.84943e-06, 10000, 6.76471, 2.52, 0.0
0.116144, 867.972, 1.60167e-06, 10000, 6.76471, 2.76, 0.0
0.116144, 867.972, 8.74315e-07, 10000, 6.76471, 3, 0.0
0.116144, 867.972, 4.64636e-07, 10000, 6.76471, 3.24, 0.0
0.116144, 867.972, 2.40835e-07, 10000, 6.76471, 3.48, 0.0
0.116144, 867.972, 1.21925e-07, 10000, 6.76471, 3.72, 0.0
0.116144, 867.972, 6.03479e-08, 10000, 6.76471, 3.96, 0.0
0.116144, 867.972, 2.92215e-08, 10000, 6.76471, 4.2, 0.0
0.116144, 867.972, 1.38466e-08, 10000, 6.76471, 4.44, 0.0
0.116144, 867.972, 6.42039e-09, 10000, 6.76471, 4.68, 0.0
0.116144, 867.972, 2.91156e-09, 10000, 6.76471, 4.92, 0.0
0.116144, 867.972, 1.28925e-09, 10000, 6.76471, 5.16, 0.0
0.116144, 867.972, 5.53338e-10, 10000, 6.76471, 5.4, 0.0
0.116144, 867.972, 2.20915e-10, 10000, 6.76471, 5.64, 0.0
0.116144, 867.972, 5.82297e-11, 10000, 6.76471, 5.88, 0.0
0.116144, 867.972, -0.000101802, 10000, 7.35294, 0.12, 0.0
0.116144, 867.972, -0.000265474, 10000, 7.35294, 0.36, 0.0
0.116144, 867.972, -0.000340299, 10000, 7.35294, 0.6, 0.0
0.116144, 867.972, -0.000320795, 10000, 7.35294, 0.84, 0.0
0.116144, 867.972, -0.000255293, 10000, 7.35294, 1.08, 0.0
0.116144, 867.972, -0.000182365, 10000, 7.35294, 1.32, 0.0
0.116144, 867.972, -0.000120426, 10000, 7.35294, 1.56, 0.0
0.116144, 867.972, -7.48376e-05, 10000, 7.35294, 1.8, 0.0
0.116144, 867.972, -4.42716e-05, 10000, 7.35294, 2.04, 0.0
0.116144, 867.972, -2.51262e-05, 10000, 7.35294, 2.28, 0.0
0.116144, 867.972, -1.37566e-05, 10000, 7.35294, 2.52, 0.0
0.116144, 867.972, -7.29442e-06, 10000, 7.35294, 2.76, 0.0
0.116144, 867.972, -3.75669e-06, 10000, 7.35294, 3, 0.0
0.116144, 867.972, -1.88294e-06, 10000, 7.35294, 3.24, 0.0
0.116144, 867.972, -9.19787e-07, 10000, 7.35294, 3.48, 0.0
0.116144, 867.972, -4.38244e-07, 10000, 7.35294, 3.72, 0.0
0.116144, 867.972, -2.03733e-07, 10000, 7.35294, 3.96, 0.0
0.116144, 867.972, -9.23935e-08, 10000, 7.35294, 4.2, 0.0
0.116144, 867.972, -4.08436e-08, 10000, 7.35294, 4.44, 0.0
0.116144, 867.972, -1.75745e-08, 10000, 7.35294, 4.68, 0.0
0.116144, 867.972, -7.34328e-09, 10000, 7.35294, 4.92, 0.0
0.116144, 867.972, -2.96819e-09, 10000, 7.35294, 5.16, 0.0
0.116144, 867.972, -1.15162e-09, 10000, 7.35294, 5.4, 0.0
0.116144, 867.972, -4.14856e-10, 10000, 7.35294, 5.64, 0.0
0.116144, 867.972, -1.01647e-10, 10000, 7.35294, 5.88, 0.0
0.116144, 867.972, 0.000874637, 9999.96, 7.94118, 0.12, 0.0
0.116143, 867.972, 0.002235, 9999.98, 7.94118, 0.36, 0.0
0.116143, 867.972, 0.00277614, 10000, 7.94118, 0.6, 0.0
0.116144, 867.972, 0.0024305, 10000, 7.94118, 0.84, 0.0
0.116144, 867.972, 0.00177282, 10000, 7.94118, 1.08, 0.0
0.116144, 867.972, 0.00116299, 10000, 7.94118, 1.32, 0.0
0.116144, 867.972, 0.000707787, 10000, 7.94118, 1.56, 0.0
0.116144, 867.972, 0.000406757, 10000, 7.94118, 1.8, 0.0
0.116144, 867.972, 0.000223137, 10000, 7.94118, 2.04, 0.0
0.116144, 867.972, 0.000117667, 10000, 7.94118, 2.28, 0.0
0.116144, 867.972, 5.99261e-05, 10000, 7.94118, 2.52, 0.0
0.116144, 867.972, 2.95673e-05, 10000, 7.94118, 2.76, 0.0
0.116144, 867.972, 1.41613e-05, 10000, 7.94118, 3, 0.0
0.116144, 867.972, 6.5911e-06, 10000, 7.94118, 3.24, 0.0
0.116144, 867.972, 2.98183e-06, 10000, 7.94118, 3.48, 0.0
0.116144, 867.972, 1.31047e-06, 10000, 7.94118, 3.72, 0.0
0.116144, 867.972, 5.58614e-07, 10000, 7.94118, 3.96, 0.0
0.116144, 867.972, 2.30308e-07, 10000, 7.94118, 4.2, 0.0
0.116144, 867.972, 9.14038e-08, 10000, 7.94118, 4.44, 0.0
0.116144, 867.972, 3.46478e-08, 10000, 7.94118, 4.68, 0.0
0.116144, 867.972, 1.2376e-08, 10000, 7.94118, 4.92, 0.0
0.116144, 867.972, 4.06313e-09, 10000, 7.94118, 5.16, 0.0
0.116144, 867.972, 1.16656e-09, 10000, 7.94118, 5.4, 0.0
0.116144, 867.972, 2.63835e-10, 10000, 7.94118, 5.64, 0.0
0.116144, 867.972, 3.55955e-11, 10000, 7.94118, 5.88, 0.0
0.11615, 867.967, -0.00781977, 10000.5, 8.52941, 0.12, 0.0
0.116155, 867.967, -0.0192052, 10000.3, 8.52941, 0.36, 0.0
0.116154, 867.969, -0.0226822, 10000.1, 8.52941, 0.6, 0.0
0.116147, 867.971, -0.0177462, 9999.92, 8.52941, 0.84, 0.0
0.116144, 867.972, -0.0114922, 9999.87, 8.52941, 1.08, 0.0
0.116144, 867.972, -0.00677407, 9999.89, 8.52941, 1.32, 0.0
0.116144, 867.972, -0.00372969, 9999.93, 8.52941, 1.56, 0.0
0.116144, 867.972, -0.00194751, 9999.96, 8.52941, 1.8, 0.0
0.116144, 867.972, -0.000973263, 9999.98, 8.52941, 2.04, 0.0
0.116144, 867.972, -0.000468065, 9999.99, 8.52941, 2.28, 0.0
0.116144, 867.972, -0.000217306, 9999.99, 8.52941, 2.52, 0.0
0.116144, 867.972, -9.75299e-05, 10000, 8.52941, 2.76, 0.0
0.116144, 867.972, -4.23117e-05, 10000, 8.52941, 3, 0.0
0.116144, 867.972, -1.77139e-05, 10000, 8.52941, 3.24, 0.0
0.116144, 867.972, -7.13034e-06, 10000, 8.52941, 3.48, 0.0
0.116144, 867.972, -2.74128e-06, 10000, 8.52941, 3.72, 0.0
0.116144, 867.972, -9.94615e-07, 10000, 8.52941, 3.96, 0.0
0.116144, 867.972, -3.32843e-07, 10000, 8.52941, 4.2, 0.0
0.116144, 867.972, -9.75633e-08, 10000, 8.52941, 4.44, 0.0
0.116144, 867.972, -2.13073e-08, 10000, 8.52941, 4.68, 0.0
0.116144, 867.972, -3.09286e-10, 10000, 8.52941, 4.92, 0.0
0.116144, 867.972, 3.43758e-09, 10000, 8.52941, 5.16, 0.0
0.116144, 867.972, 2.783e-09, 10000, 8.52941, 5.4, 0.0
0.116144, 867.972, 1.52553e-09, 10000, 8.52941, 5.64, 0.0
0.116144, 867.972, 4.66759e-10, 10000, 8.52941, 5.88, 0.0
0.116112, 867.953, 0.070964, 9998.17, 9.11765, 0.12, 0.0
0.116093, 867.931, 0.169646, 10000, 9.11765, 0.36, 0.0
0.116107, 867.926, 0.197298, 10001.9, 9.11765, 0.6, 0.0
0.116146, 867.946, 0.135407, 10002.4, 9.11765, 0.84, 0.0
0.116154, 867.959, 0.0737885, 10001.8, 9.11765, 1.08, 0.0
0.116151, 867.965, 0.0370751, 10001, 9.11765, 1.32, 0.0
0.116148, 867.968, 0.0175976, 10000.5, 9.11765, 1.56, 0.0
0.116146, 867.97, 0.00798316, 10000.3, 9.11765, 1.8, 0.0
0.116145, 867.971, 0.00348015, 10000.1, 9.11765, 2.04, 0.0
0.116144, 867.971, 0.00145964, 10000.1, 9.11765, 2.28, 0.0
0.116144, 867.972, 0.000587904, 10000, 9.11765, 2.52, 0.0
0.116144, 867.972, 0.000226206, 10000, 9.11765, 2.76, 0.0
0.116144, 867.972, 8.22944e-05, 10000, 9.11765, 3, 0.0
0.116144, 867.972, 2.7748e-05, 10000, 9.11765, 3.24, 0.0
0.116144, 867.972, 8.30124e-06, 10000, 9.11765, 3.48, 0.0
0.116144, 867.972, 1.94292e-06, 10000, 9.11765, 3.72, 0.0
0.116144, 867.972, 1.45932e-07, 10000, 9.11765, 3.96, 0.0
0.116144, 867.972, -2.1305e-07, 10000, 9.11765, 4.2, 0.0
0.116144, 867.972, -1.94664e-07, 10000, 9.11765, 4.44, 0.0
0.116144, 867.972, -1.18851e-07, 10000, 9.11765, 4.68, 0.0
0.116144, 867.972, -6.14466e-08, 10000, 9.11765, 4.92, 0.0
0.116144, 867.972, -2.85888e-08, 10000, 9.11765, 5.16, 0.0
0.116144, 867.972, -1.21909e-08, 10000, 9.11765, 5.4, 0.0
0.116144, 867.972, -4.66379e-09, 10000, 9.11765, 5.64, 0.0
0.116144, 867.972, -1.17655e-09, 10000, 9.11765, 5.88, 0.0
0.116843, 867.334, -0.692144, 10051.3, 9.70588, 0.12, 0.0
0.116948, 867.163, -1.51936, 10039.9, 9.70588, 0.36, 0.0
0.116686, 867.331, -1.65344, 10015.8, 9.70588, 0.6, 0.0
0.116208, 867.784, -0.862301, 9994.86, 9.70588, 0.84, 0.0
0.116098, 867.956, -0.327484, 9992.79, 9.70588, 1.08, 0.0
0.116112, 867.983, -0.121531, 9996.06, 9.70588, 1.32, 0.0
0.116129, 867.98, -0.0439437, 9998.27, 9.70588, 1.56, 0.0
0.116138, 867.976, -0.0151042, 9999.33, 9.70588, 1.8, 0.0
0.116142, 867.973, -0.00479019, 9999.77, 9.70588, 2.04, 0.0
0.116143, 867.972, -0.0013116, 9999.93, 9.70588, 2.28, 0.0
0.116144, 867.972, -0.000245931, 9999.98, 9.70588, 2.52, 0.0
0.116144, 867.972, 2.43636e-05, 10000, 9.70588, 2.76, 0.0
0.116144, 867.972, 6.13053e-05, 10000, 9.70588, 3, 0.0
0.116144, 867.972, 4.5091e-05, 10000, 9.70588, 3.24, 0.0
0.116144, 867.972, 2.57516e-05, 10000, 9.70588, 3.48, 0.0
0.116144, 867.972, 1.29661e-05, 10000, 9.70588, 3.72, 0.0
0.116144, 867.972, 5.99562e-06, 10000, 9.70588, 3.96, 0.0
0.116144, 867.972, 2.58528e-06, 10000, 9.70588, 4.2, 0.0
0.116144, 867.972, 1.04261e-06, 10000, 9.70588, 4.44, 0.0
0.116144, 867.972, 3.90553e-07, 10000, 9.70588, 4.68, 0.0
0.116144, 867.972, 1.33082e-07, 10000, 9.70588, 4.92, 0.0
0.116144, 867.972, 3.91735e-08, 10000, 9.70588, 5.16, 0.0
0.116144, 867.972, 8.54233e-09, 10000, 9.70588, 5.4, 0.0
0.116144, 867.972, 4.92262e-10, 10000, 9.70588, 5.64, 0.0
0.116144, 867.972, -3.60661e-10, 10000, 9.70588, 5.88, 0.0
0.180591, 789.411, 115.211, 18519.3, 10.2941, 0.197232, 0.0
0.142198, 827.742, 61.816, 13498.9, 10.2941, 0.43408, 0.0
0.127319, 852.927, 24.5944, 11330.3, 10.2941, 0.670928, 0.0
0.120275, 863.336, 6.88224, 10422, 10.2941, 0.907775, 0.0
0.117341, 866.656, 1.33802, 10113, 10.2941, 1.14462, 0.0
0.116423, 867.642, 0.200508, 10025.8, 10.2941, 1.38147, 0.0
0.116202, 867.896, 0.005783, 10005, 10.2941, 1.61832, 0.0
0.116153, 867.956, -0.0151022, 10000.6, 10.2941, 1.85517, 0.0
0.116144, 867.97, -0.00973694, 9999.91, 10.2941, 2.09201, 0.0
0.116143, 867.972, -0.00445384, 9999.89, 10.2941, 2.32886, 0.0
0.116144, 867.972, -0.00172842, 9999.94, 10.2941, 2.56571, 0.0
0.116144, 867.972, -0.000580837, 9999.98, 10.2941, 2.80256, 0.0
0.116144, 867.972, -0.000157832, 9999.99, 10.2941, 3.0394, 0.0
0.116144, 867.972, -2.27995e-05, 10000, 10.2941, 3.27625, 0.0
0.116144, 867.972, 1.06549e-05, 10000, 10.2941, 3.5131, 0.0
0.116144, 867.972, 1.33786e-05, 10000, 10.2941, 3.74995, 0.0
0.116144, 867.972, 9.3605e-06, 10000, 10.2941, 3.98679, 0.0
0.116144, 867.972, 5.43337e-06, 10000, 10.2941, 4.22364, 0.0
0.116144, 867.972, 2.85433e-06, 10000, 10.2941, 4.46049, 0.0
0.116144, 867.972, 1.4026e-06, 10000, 10.2941, 4.69734, 0.0
0.116144, 867.972, 6.54513e-07, 10000, 10.2941, 4.93419, 0.0
0.116144, 867.972, 2.91959e-07, 10000, 10.2941, 5.17103, 0.0
0.116144, 867.972, 1.24261e-07, 10000, 10.2941, 5.40788, 0.0
0.116144, 867.972, 4.87382e-08, 10000, 10.2941, 5.64473, 0.0
0.116144, 867.972, 1.26668e-08, 10000, 10.2941, 5.88158, 0.0
0.216483, 759.858, 162.934, 23151.7, 10.8824, 0.351697, 0.0
0.175604, 788.562, 122.52, 18024, 10.8824, 0.58224, 0.0
0.149691, 822.905, 74.5303, 14337.2, 10.8824, 0.812783, 0.0
0.132631, 847.203, 36.6099, 11976.6, 10.8824, 1.04333, 0.0
0.123179, 860.045, 13.8854, 10766.1, 10.8824, 1.27387, 0.0
0.118697, 865.304, 4.12732, 10257.7, 10.8824, 1.50441, 0.0
0.116937, 867.137, 1.12134, 10078.6, 10.8824, 1.73496, 0.0
0.116378, 867.721, 0.298898, 10022.9, 10.8824, 1.9655, 0.0
0.116212, 867.897, 0.0758023, 10006.5, 10.8824, 2.19604, 0.0
0.116163, 867.95, 0.0174836, 10001.8, 10.8824, 2.42658, 0.0
0.116149, 867.965, 0.00328861, 10000.5, 10.8824, 2.65713, 0.0
0.116145, 867.97, 0.000285019, 10000.1, 10.8824, 2.88767, 0.0
0.116144, 867.971, -0.000148311, 10000, 10.8824, 3.11821, 0.0
0.116144, 867.972, -0.000111709, 10000, 10.8824, 3.34876, 0.0
0.116144, 867.972, -4.62064e-05, 10000, 10.8824, 3.5793, 0.0
0.116144, 867.972, -1.15725e-05, 10000, 10.8824, 3.80984, 0.0
0.116144, 867.972, 1.14341e-06, 10000, 10.8824, 4.04038, 0.0
0.116144, 867.972, 3.99439e-06, 10000, 10.8824, 4.27093, 0.0
0.116144, 867.972, 3.51774e-06, 10000, 10.8824, 4.50147, 0.0
0.116144, 867.972, 2.38195e-06, 10000, 10.8824, 4.73201, 0.0
0.116144, 867.972, 1.42546e-06, 10000, 10.8824, 4.96256, 0.0
0.116144, 867.972, 7.89427e-07, 10000, 10.8824, 5.1931, 0.0
0.116144, 867.972, 4.09098e-07, 10000, 10.8824, 5.42364, 0.0
0.116144, 867.972, 1.90023e-07, 10000, 10.8824, 5.65419, 0.0
0.116144, 867.972, 5.49449e-08, 10000, 10.8824, 5.88473, 0.0
0.232303, 747.449, 184.664, 25213.4, 11.4706, 0.506162, 0.0
0.204179, 763.236, 160.921, 21777.3, 11.4706, 0.7304, 0.0
0.177965, 791.827, 123.154, 18124.5, 11.4706, 0.954639, 0.0
0.153992, 820.86, 81.3896, 14798.7, 11.4706, 1.17888, 0.0
0.136469, 843.5, 44.7522, 12438.6, 11.4706, 1.40312, 0.0
0.125776, 857.254, 19.904, 11073.3, 11.4706, 1.62735, 0.0
0.120139, 863.847, 7.20886, 10415.6, 11.4706, 1.85159, 0.0
0.117598, 866.496, 2.36171, 10147.2, 11.4706, 2.07583, 0.0
0.116642, 867.463, 0.764519, 10050, 11.4706, 2.30007, 0.0
0.116313, 867.798, 0.24639, 10016.9, 11.4706, 2.52431, 0.0
0.116201, 867.912, 0.0787061, 10005.7, 11.4706, 2.74854, 0.0
0.116164, 867.951, 0.024857, 10001.9, 11.4706, 2.97278, 0.0
0.116151, 867.965, 0.00773414, 10000.6, 11.4706, 3.19702, 0.0
0.116146, 867.969, 0.00236299, 10000.2, 11.4706, 3.42126, 0.0
0.116145, 867.971, 0.000708617, 10000.1, 11.4706, 3.6455, 0.0
0.116144, 867.971, 0.000210395, 10000, 11.4706, 3.86974, 0.0
0.116144, 867.972, 6.38471e-05, 10000, 11.4706, 4.09397, 0.0
0.116144, 867.972, 2.13064e-05, 10000, 11.4706, 4.31821, 0.0
0.116144, 867.972, 8.60524e-06, 10000, 11.4706, 4.54245, 0.0
0.116144, 867.972, 4.30786e-06, 10000, 11.4706, 4.76669, 0.0
0.116144, 867.972, 2.46268e-06, 10000, 11.4706, 4.99093, 0.0
0.116144, 867.972, 1.45969e-06, 10000, 11.4706, 5.21517, 0.0
0.116144, 867.972, 8.3888e-07, 10000, 11.4706, 5.4394, 0.0
0.116144, 867.972, 4.28963e-07, 10000, 11.4706, 5.66364, 0.0
0.116144, 867.972, 1.31506e-07, 10000, 11.4706, 5.88788, 0.0
0.237741, 742.466, 193.764, 25958.1, 12.0588, 0.660627, 0.0
0.222256, 749.096, 181.592, 24150.9, 12.0588, 0.87856, 0.0
0.203666, 768.559, 157.826, 21515.2, 12.0588, 1.09649, 0.0
0.180237, 793.26, 124.993, 18272.2, 12.0588, 1.31443, 0.0
0.157641, 818.822, 87.1724, 15204.7, 12.0588, 1.53236, 0.0
0.140007, 840.189, 51.9492, 12864.8, 12.0588, 1.75029, 0.0
0.128407, 854.488, 25.867, 11386.6, 12.0588, 1.96823, 0.0
0.12177, 862.196, 10.7633, 10597.8, 12.0588, 2.18616, 0.0
0.118447, 865.676, 4.00756, 10236.6, 12.0588, 2.4041, 0.0
0.117023, 867.095, 1.45546, 10089.5, 12.0588, 2.62203, 0.0
0.116475, 867.641, 0.528829, 10033.4, 12.0588, 2.83996, 0.0
0.116269, 867.847, 0.192298, 10012.5, 12.0588, 3.0579, 0.0
0.116191, 867.924, 0.0700037, 10004.7, 12.0588, 3.27583, 0.0
0.116162, 867.954, 0.0255153, 10001.8, 12.0588, 3.49376, 0.0
0.116151, 867.965, 0.00930974, 10000.7, 12.0588, 3.7117, 0.0
0.116147, 867.969, 0.00340112, 10000.3, 12.0588, 3.92963, 0.0
0.116145, 867.971, 0.00124546, 10000.1, 12.0588, 4.14756, 0.0
0.116144, 867.971, 0.000458367, 10000, 12.0588, 4.3655, 0.0
0.116144, 867.972, 0.000170396, 10000, 12.0588, 4.58343, 0.0
0.116144, 867.972, 6.45147e-05, 10000, 12.0588, 4.80137, 0.0
0.116144, 867.972, 2.51633e-05, 10000, 12.0588, 5.0193, 0.0
0.116144, 867.972, 1.02248e-05, 10000, 12.0588, 5.23723, 0.0
0.116144, 867.972, 4.32124e-06, 10000, 12.0588, 5.45517, 0.0
0.116144, 867.972, 1.79384e-06, 10000, 12.0588, 5.6731, 0.0
0.116144, 867.972, 4.95817e-07, 10000, 12.0588, 5.89103, 0.0
0.239128, 740.892, 197.069, 26160.6, 12.6471, 0.815092, 0.0
0.230784, 741.959, 191.278, 25352.8, 12.6471, 1.02672, 0.0
0.221692, 753.852, 178.574, 23874.7, 12.6471, 1.23835, 0.0
0.204421, 771.311, 157.516, 21456.9, 12.6471, 1.44998, 0.0
0.182975, 793.053, 127.993, 18530.4, 12.6471, 1.66161, 0.0
0.161498, 816.16, 93.3203, 15654.8, 12.6471, 1.87324, 0.0
0.143791, 836.596, 59.4567, 13326.6, 12.6471, 2.08487, 0.0
0.131373, 851.396, 32.4613, 11743.4, 12.6471, 2.29649, 0.0
0.123744, 860.187, 15.1244, 10822.5, 12.6471, 2.50812, 0.0
0.119577, 864.588, 6.26562, 10357.2, 12.6471, 2.71975, 0.0
0.117583, 866.564, 2.488, 10147.6, 12.6471, 2.93138, 0.0
0.116731, 867.397, 0.985194, 10059.9, 12.6471, 3.14301, 0.0
0.116383, 867.737, 0.391356, 10024.3, 12.6471, 3.35464, 0.0
0.116242, 867.876, 0.15607, 10009.9, 12.6471, 3.56627, 0.0
0.116184, 867.932, 0.0625253, 10004.1, 12.6471, 3.7779, 0.0
0.116161, 867.955, 0.0251691, 10001.7, 12.6471, 3.98953, 0.0
0.116151, 867.965, 0.0101802, 10000.7, 12.6471, 4.20115, 0.0
0.116147, 867.969, 0.00413783, 10000.3, 12.6471, 4.41278, 0.0
0.116145, 867.971, 0.00169067, 10000.1, 12.6471, 4.62441, 0.0
0.116145, 867.971, 0.000694874, 10000.1, 12.6471, 4.83604, 0.0
0.116144, 867.972, 0.000287538, 10000, 12.6471, 5.04767, 0.0
0.116144, 867.972, 0.0001198, 10000, 12.6471, 5.2593, 0.0
0.116144, 867.972, 4.99279e-05, 10000, 12.6471, 5.47093, 0.0
0.116144, 867.972, 1.98852e-05, 10000, 12.6471, 5.68256, 0.0
0.116144, 867.972, 5.29574e-06, 10000, 12.6471, 5.89419, 0.0
0.239451, 740.489, 198.091, 26206.1, 13.2353, 0.969557, 0.0
0.234578, 738.874, 195.272, 25889.7, 13.2353, 1.17488, 0.0
0.230659, 745.849, 189.366, 25153.6, 13.2353, 1.38021, 0.0
0.221853, 756.613, 177.772, 23750.1, 13.2353, 1.58553, 0.0
0.206124, 772.149, 158.748, 21569.3, 13.2353, 1.79085, 0.0
0.186348, 791.512, 132.184, 18906, 13.2353, 1.99618, 0.0
0.165925, 812.675, 100.361, 16191.4, 13.2353, 2.2015, 0.0
0.148173, 832.375, 67.9025, 13867.9, 13.2353, 2.40683, 0.0
0.134936, 847.691, 40.2108, 12176.9, 13.2353, 2.61215, 0.0
0.126247, 857.622, 20.6993, 11113.2, 13.2353, 2.81747, 0.0
0.121125, 863.091, 9.46186, 10525.7, 13.2353, 3.0228, 0.0
0.118419, 865.777, 4.06883, 10235.1, 13.2353, 3.22812, 0.0
0.117143, 867.01, 1.72828, 10102.4, 13.2353, 3.43345, 0.0
0.116579, 867.553, 0.736198, 10044.4, 13.2353, 3.63877, 0.0
0.116334, 867.789, 0.315099, 10019.3, 13.2353, 3.8441, 0.0
0.116228, 867.891, 0.135607, 10008.5, 13.2353, 4.04942, 0.0
0.116181, 867.936, 0.058708, 10003.7, 13.2353, 4.25474, 0.0
0.116161, 867.956, 0.0255697, 10001.7, 13.2353, 4.46007, 0.0
0.116151, 867.965, 0.0112031, 10000.7, 13.2353, 4.66539, 0.0
0.116147, 867.969, 0.0049371, 10000.3, 13.2353, 4.87072, 0.0
0.116146, 867.97, 0.00218753, 10000.2, 13.2353, 5.07604, 0.0
0.116145, 867.971, 0.000972601, 10000.1, 13.2353, 5.28137, 0.0
0.116144, 867.971, 0.000429694, 10000, 13.2353, 5.48669, 0.0
0.116144, 867.972, 0.000179248, 10000, 13.2353, 5.69201, 0.0
0.116144, 867.972, 4.90257e-05, 10000, 13.2353, 5.89734, 0.0
0.239519, 740.413, 198.349, 26214.2, 13.8235, 1.12402, 0.0
0.23612, 737.717, 196.763, 26103.3, 13.8235, 1.32304, 0.0
0.234962, 741.936, 194.434, 25778, 13.8235, 1.52206, 0.0
0.230862, 748.455, 188.816, 25034.6, 13.8235, 1.72108, 0.0
0.221633, 758.017, 177.972, 23718.9, 13.8235, 1.9201, 0.0
0.209508, 771.365, 160.925, 21865, 13.8235, 2.11912, 0.0
0.190634, 788.719, 137.568, 19404.5, 13.8235, 2.31814, 0.0
0.171133, 808.258, 108.561, 16840.4, 13.8235, 2.51716, 0.0
0.153419, 827.276, 77.6614, 14523.9, 13.8235, 2.71618, 0.0
0.139361, 843.1, 49.5572, 12721.6, 13.8235, 2.9152, 0.0
0.12951, 854.252, 27.9603, 11499.7, 13.8235, 3.11422, 0.0
0.123278, 860.982, 14.0623, 10766.1, 13.8235, 3.31324, 0.0
0.119687, 864.589, 6.546, 10369.6, 13.8235, 3.51226, 0.0
0.117815, 866.385, 2.96205, 10172.3, 13.8235, 3.71128, 0.0
0.116917, 867.238, 1.33833, 10079.3, 13.8235, 3.91029, 0.0
0.116502, 867.633, 0.607618, 10036.5, 13.8235, 4.10931, 0.0
0.11631, 867.814, 0.277448, 10016.9, 13.8235, 4.30833, 0.0
0.116222, 867.898, 0.127475, 10007.9, 13.8235, 4.50735, 0.0
0.116181, 867.937, 0.058946, 10003.7, 13.8235, 4.70637, 0.0
0.116161, 867.955, 0.0274286, 10001.8, 13.8235, 4.90539, 0.0
0.116152, 867.964, 0.0128335, 10000.8, 13.8235, 5.10441, 0.0
0.116148, 867.968, 0.00602037, 10000.4, 13.8235, 5.30343, 0.0
0.116146, 867.97, 0.00279755, 10000.2, 13.8235, 5.50245, 0.0
0.116145, 867.971, 0.00121725, 10000.1, 13.8235, 5.70147, 0.0
0.116145, 867.971, 0.000341441, 10000.1, 13.8235, 5.90049, 0.0
0.239557, 740.403, 198.389, 26217.9, 14.4118, 1.27849, 0.0
0.236737, 737.346, 197.273, 26183.2, 14.4118, 1.4712, 0.0
0.236815, 740.158, 196.581, 26053.5, 14.4118, 1.66392, 0.0
0.235459, 744.234, 194.219, 25701.5, 14.4118, 1.85663, 0.0
0.230688, 749.886, 188.762, 24998.6, 14.4118, 2.04935, 0.0
0.223609, 758.329, 179.096, 23842.7, 14.4118, 2.24206, 0.0
0.210855, 769.714, 164.102, 22140.1, 14.4118, 2.43478, 0.0
0.196962, 784.894, 143.385, 20075.4, 14.4118, 2.62749, 0.0
0.177411, 802.786, 117.899, 17614, 14.4118, 2.82021, 0.0
0.159705, 821.142, 88.9209, 15320.4, 14.4118, 3.01292, 0.0
0.144911, 837.367, 60.8277, 13413.3, 14.4118, 3.20563, 0.0
0.133814, 849.778, 37.3986, 12019.4, 14.4118, 3.39835, 0.0
0.126292, 857.98, 20.6676, 11112.3, 14.4118, 3.59106, 0.0
0.121606, 862.778, 10.4685, 10578, 14.4118, 3.78378, 0.0
0.118922, 865.367, 5.05346, 10288.2, 14.4118, 3.97649, 0.0
0.117511, 866.694, 2.40825, 10140.6, 14.4118, 4.16921, 0.0
0.11681, 867.349, 1.15058, 10068.2, 14.4118, 4.36192, 0.0
0.116469, 867.668, 0.552871, 10033.2, 14.4118, 4.55464, 0.0
0.116304, 867.823, 0.267294, 10016.3, 14.4118, 4.74735, 0.0
0.116223, 867.898, 0.130026, 10008, 14.4118, 4.94007, 0.0
0.116184, 867.935, 0.0635948, 10004, 14.4118, 5.13278, 0.0
0.116164, 867.953, 0.0311626, 10002, 14.4118, 5.3255, 0.0
0.116154, 867.962, 0.0150853, 10001, 14.4118, 5.51821, 0.0
0.11615, 867.966, 0.00678992, 10000.6, 14.4118, 5.71093, 0.0
0.116148, 867.968, 0.00194321, 10000.4, 14.4118, 5.90364, 0.0
0.239608, 740.397, 198.381, 26223.4, 15, 1.43295, 0.0
0.237014, 737.264, 197.436, 26213.7, 15, 1.61936, 0.0
0.237545, 739.362, 197.41, 26167.6, 15, 1.80577, 0.0
0.237557, 742.183, 196.643, 26014.6, 15, 1.99218, 0.0
0.23539, 745.615, 194.206, 25672.8, 15, 2.17859, 0.0
0.231998, 750.68, 189.287, 25042.2, 15, 2.365, 0.0
0.224397, 757.487, 180.75, 24016.1, 15, 2.55141, 0.0
0.215013, 767.729, 167.847, 22566.3, 15, 2.73782, 0.0
0.200386, 780.465, 150.054, 20662.7, 15, 2.92423, 0.0
0.186053, 796.449, 127.374, 18573.6, 15, 3.11064, 0.0
0.167326, 813.809, 101.557, 16270.2, 15, 3.29705, 0.0
0.151791, 830.301, 74.1761, 14282.2, 15, 3.48346, 0.0
0.139466, 843.879, 49.4199, 12714.9, 15, 3.66987, 0.0
0.130491, 853.715, 29.9414, 11608.6, 15, 3.85628, 0.0
0.124478, 860.018, 16.6061, 10900, 15, 4.04269, 0.0
0.120728, 863.706, 8.63138, 10481.3, 15, 4.2291, 0.0
0.118557, 865.745, 4.34711, 10249.7, 15, 4.41551, 0.0
0.117386, 866.828, 2.17584, 10127.6, 15, 4.60192, 0.0
0.11678, 867.386, 1.09345, 10065, 15, 4.78833, 0.0
0.116471, 867.671, 0.552667, 10033.3, 15, 4.97474, 0.0
0.116313, 867.817, 0.280667, 10017.2, 15, 5.16115, 0.0
0.116233, 867.89, 0.142624, 10009, 15, 5.34756, 0.0
0.116192, 867.928, 0.0713947, 10004.8, 15, 5.53397, 0.0
0.116172, 867.946, 0.0330229, 10002.8, 15, 5.72038, 0.0
0.116164, 867.954, 0.00960236, 10002, 15, 5.90679, 0.0
0.239669, 740.386, 198.371, 26230.2, 15.5882, 1.58742, 0.0
0.237179, 737.277, 197.492, 26227.6, 15.5882, 1.76752, 0.0
0.237811, 738.979, 197.698, 26214, 15.5882, 1.94763, 0.0
0.238425, 741.186, 197.645, 26152.6, 15.5882, 2.12773, 0.0
0.237619, 743.483, 196.737, 25998.5, 15.5882, 2.30784, 0.0
0.2364, 746.593, 194.49, 25685, 15.5882, 2.48794, 0.0
0.232314, 750.461, 190.078, 25130.4, 15.5882, 2.66805, 0.0
0.227019, 756.687, 182.862, 24260.1, 15.5882, 2.84815, 0.0
0.217522, 764.699, 171.936, 23001.3, 15.5882, 3.02826, 0.0
0.206743, 776.222, 156.813, 21388.1, 15.5882, 3.20837, 0.0
0.191534, 789.632, 137.509, 19434.5, 15.5882, 3.38847, 0.0
0.177584, 805.441, 114.326, 17434.2, 15.5882, 3.56858, 0.0
0.160316, 821.715, 89.368, 15345, 15.5882, 3.74868, 0.0
0.146742, 836.292, 64.2032, 13625.7, 15.5882, 3.92879, 0.0
0.136244, 847.767, 42.4537, 12308, 15.5882, 4.10889, 0.0
0.128687, 855.857, 25.8517, 11389.3, 15.5882, 4.289, 0.0
0.1236, 861.022, 14.6422, 10798.4, 15.5882, 4.4691, 0.0
0.120376, 864.103, 7.88481, 10442.6, 15.5882, 4.64921, 0.0
0.118463, 865.865, 4.14651, 10239.5, 15.5882, 4.82931, 0.0
0.117392, 866.838, 2.17125, 10128.2, 15.5882, 5.00942, 0.0
0.116815, 867.362, 1.13988, 10068.6, 15.5882, 5.18953, 0.0
0.116509, 867.641, 0.598076, 10037.2, 15.5882, 5.36963, 0.0
0.116348, 867.787, 0.308227, 10020.7, 15.5882, 5.54974, 0.0
0.116268, 867.861, 0.145905, 10012.5, 15.5882, 5.72984, 0.0
0.116234, 867.892, 0.0429915, 10009.1, 15.5882, 5.90995, 0.0
0.239732, 740.373, 198.364, 26237.4, 16.1765, 1.74188, 0.0
0.23731, 737.322, 197.519, 26236.4, 16.1765, 1.91568, 0.0
0.2379, 738.761, 197.78, 26234.3, 16.1765, 2.08948, 0.0
0.238739, 740.661, 198.017, 26211.7, 16.1765, 2.26328, 0.0
0.238597, 742.415, 197.825, 26146.6, 16.1765, 2.43708, 0.0
0.238492, 744.504, 196.954, 26002, 16.1765, 2.61088, 0.0
0.236495, 746.73, 194.87, 25725.5, 16.1765, 2.78469, 0.0
0.233945, 750.369, 191.182, 25256.2, 16.1765, 2.95849, 0.0
0.228452, 754.97, 185.113, 24522.8, 16.1765, 3.13229, 0.0
0.221745, 762.206, 176.127, 23480.4, 16.1765, 3.30609, 0.0
0.211201, 771.131, 163.628, 22088, 16.1765, 3.47989, 0.0
0.199799, 783.237, 147.315, 20421, 16.1765, 3.65369, 0.0
0.184827, 796.725, 127.593, 18514.7, 16.1765, 3.82749, 0.0
0.171446, 811.695, 104.885, 16645.8, 16.1765, 4.00129, 0.0
0.156263, 826.738, 81.3353, 14787.5, 16.1765, 4.17509, 0.0
0.143981, 839.721, 58.4693, 13263.1, 16.1765, 4.34889, 0.0
0.134662, 849.744, 39.0232, 12112.3, 16.1765, 4.52269, 0.0
0.127998, 856.759, 24.2432, 11305.7, 16.1765, 4.69649, 0.0
0.123415, 861.312, 14.1788, 10776.5, 16.1765, 4.87029, 0.0
0.120441, 864.109, 7.93927, 10448.5, 16.1765, 5.0441, 0.0
0.118615, 865.767, 4.34313, 10254.3, 16.1765, 5.2179, 0.0
0.117548, 866.718, 2.34763, 10143.8, 16.1765, 5.3917, 0.0
0.116959, 867.244, 1.2404, 10083.3, 16.1765, 5.5655, 0.0
0.116654, 867.518, 0.598923, 10051.9, 16.1765, 5.7393, 0.0
0.116524, 867.635, 0.178489, 10038.7, 16.1765, 5.9131, 0.0
0.239793, 740.36, 198.361, 26244.3, 16.7647, 1.89635, 0.0
0.237432, 737.377, 197.54, 26243.5, 16.7647, 2.06384, 0.0
0.237929, 738.607, 197.79, 26245, 16.7647, 2.23134, 0.0
0.238823, 740.333, 198.128, 26237.6, 16.7647, 2.39883, 0.0
0.238989, 741.837, 198.25, 26211.9, 16.7647, 2.56633, 0.0
0.23939, 743.427, 198.039, 26149.3, 16.7647, 2.73383, 0.0
0.238535, 744.828, 197.167, 26020, 16.7647, 2.90132, 0.0
0.237548, 746.998, 195.446, 25786.3, 16.7647, 3.06882, 0.0
0.234649, 749.534, 192.337, 25396.1, 16.7647, 3.23631, 0.0
0.231016, 753.748, 187.469, 24800, 16.7647, 3.40381, 0.0
0.22461, 759.043, 180.203, 23940.6, 16.7647, 3.57131, 0.0
0.217016, 766.896, 170.092, 22799.4, 16.7647, 3.7388, 0.0
0.206088, 776.314, 156.825, 21360, 16.7647, 3.9063, 0.0
0.194507, 788.329, 140.195, 19714.6, 16.7647, 4.07379, 0.0
0.180482, 801.605, 120.858, 17910.6, 16.7647, 4.24129, 0.0
0.1669, 815.504, 99.0677, 16147.7, 16.7647, 4.40879, 0.0
0.155352, 829.013, 77.0277, 14565.1, 16.7647, 4.57628, 0.0
0.143113, 840.996, 56.4869, 13140, 16.7647, 4.74378, 0.0
0.134532, 850.189, 38.4865, 12087.5, 16.7647, 4.91128, 0.0
0.128257, 856.671, 24.6781, 11335.7, 16.7647, 5.07877, 0.0
0.123873, 860.97, 14.9634, 10830.3, 16.7647, 5.24627, 0.0
0.120995, 863.685, 8.6379, 10507.2, 16.7647, 5.41376, 0.0
0.119175, 865.326, 4.74213, 10312, 16.7647, 5.58126, 0.0
0.118142, 866.241, 2.33727, 10203.8, 16.7647, 5.74876, 0.0
0.11768, 866.651, 0.703036, 10156.1, 16.7647, 5.91625, 0.0
0.239851, 740.349, 198.359, 26250.7, 17.3529, 2.05081, 0.0
0.23755, 737.438, 197.562, 26249.9, 17.3529, 2.212, 0.0
0.237941, 738.482, 197.78, 26252.2, 17.3529, 2.37319, 0.0
0.238817, 740.084, 198.142, 26250.4, 17.3529, 2.53438, 0.0
0.239122, 741.47, 198.389, 26240.8, 17.3529, 2.69558, 0.0
0.239718, 742.826, 198.476, 26215.2, 17.3529, 2.85677, 0.0
0.239454, 743.852, 198.198, 26157.8, 17.3529, 3.01796, 0.0
0.23926, 745.254, 197.495, 26048.5, 17.3529, 3.17915, 0.0
0.237868, 746.677, 196.027, 25854.7, 17.3529, 3.34034, 0.0
0.236136, 749.069, 193.59, 25542, 17.3529, 3.50153, 0.0
0.232612, 752.006, 189.708, 25063.4, 17.3529, 3.66272, 0.0
0.228223, 756.622, 184.021, 24381.9, 17.3529, 3.82392, 0.0
0.221341, 762.378, 176.059, 23455.3, 17.3529, 3.98511, 0.0
0.213259, 770.358, 165.432, 22283.2, 17.3529, 4.1463, 0.0
0.202628, 779.948, 152.051, 20866.4, 17.3529, 4.30749, 0.0
0.190797, 791.281, 135.681, 19286.1, 17.3529, 4.46868, 0.0
0.178922, 804.172, 117.054, 17627.7, 17.3529, 4.62987, 0.0
0.165753, 817.058, 97.0828, 15977.7, 17.3529, 4.79106, 0.0
0.15419, 829.444, 76.389, 14499.9, 17.3529, 4.95226, 0.0
0.14427, 840.26, 56.9597, 13245.8, 17.3529, 5.11345, 0.0
0.136429, 848.983, 40.137, 12261.6, 17.3529, 5.27464, 0.0
0.129843, 855.395, 26.5613, 11517.2, 17.3529, 5.43583, 0.0
0.125649, 859.585, 16.1241, 11027.3, 17.3529, 5.59702, 0.0
0.123035, 862.09, 8.49377, 10729.7, 17.3529, 5.75821, 0.0
0.121786, 863.269, 2.63444, 10590.3, 17.3529, 5.9194, 0.0
0.239903, 740.341, 198.359, 26256.6, 17.9412, 2.20528, 0.0
0.237664, 737.504, 197.584, 26255.6, 17.9412, 2.36016, 0.0
0.237949, 738.374, 197.765, 26258, 17.9412, 2.51505, 0.0
0.238775, 739.868, 198.119, 26258, 17.9412, 2.66994, 0.0
0.239146, 741.187, 198.412, 26254.5, 17.9412, 2.82482, 0.0
0.239792, 742.433, 198.623, 26244.3, 17.9412, 2.97971, 0.0
0.239828, 743.31, 198.624, 26219.7, 17.9412, 3.1346, 0.0
0.239996, 744.337, 198.416, 26171.1, 17.9412, 3.28948, 0.0
0.239418, 745.216, 197.799, 26080, 17.9412, 3.44437, 0.0
0.238728, 746.608, 196.678, 25926.7, 17.9412, 3.59926, 0.0
0.236958, 748.202, 194.749, 25679.7, 17.9412, 3.75414, 0.0
0.234689, 750.776, 191.786, 25310.3, 17.9412, 3.90903, 0.0
0.230811, 754.017, 187.403, 24779, 17.9412, 4.06392, 0.0
0.225947, 758.732, 181.255, 24060.3, 17.9412, 4.2188, 0.0
0.219108, 764.715, 173.029, 23125, 17.9412, 4.37369, 0.0
0.210675, 772.305, 162.364, 21978.7, 17.9412, 4.52858, 0.0
0.201292, 781.852, 149.264, 20638.2, 17.9412, 4.68346, 0.0
0.190031, 792.471, 133.834, 19155.5, 17.9412, 4.83835, 0.0
0.178521, 804.149, 116.093, 17635.5, 17.9412, 4.99324, 0.0
0.167301, 816.095, 96.9169, 16156.3, 17.9412, 5.14812, 0.0
0.157083, 827.548, 77.2282, 14813.9, 17.9412, 5.30301, 0.0
0.147877, 837.44, 57.9721, 13678.8, 17.9412, 5.4579, 0.0
0.140889, 845.295, 39.7408, 12812.6, 17.9412, 5.61278, 0.0
0.136115, 850.704, 23.0349, 12229, 17.9412, 5.76767, 0.0
0.13367, 853.493, 7.54157, 11936.5, 17.9412, 5.92256, 0.0
0.23995, 740.34, 198.364, 26260.4, 18.5294, 2.35974, 0.0
0.237773, 737.581, 197.621, 26259.4, 18.5294, 2.50832, 0.0
0.237951, 738.287, 197.771, 26261.6, 18.5294, 2.6569, 0.0
0.238713, 739.673, 198.11, 26262.3, 18.5294, 2.80549, 0.0
0.239111, 740.942, 198.417, 26261.1, 18.5294, 2.95407, 0.0
0.239747, 742.129, 198.679, 26257.2, 18.5294, 3.10265, 0.0
0.239938, 742.96, 198.804, 26246.8, 18.5294, 3.25123, 0.0
0.240253, 743.814, 198.822, 26226.3, 18.5294, 3.39981, 0.0
0.2401, 744.456, 198.617, 26185.6, 18.5294, 3.5484, 0.0
0.239937, 745.335, 198.157, 26115.2, 18.5294, 3.69698, 0.0
0.239151, 746.229, 197.262, 25996.5, 18.5294, 3.84556, 0.0
0.238123, 747.645, 195.806, 25812.2, 18.5294, 3.99414, 0.0
0.236154, 749.388, 193.532, 25535.1, 18.5294, 4.14272, 0.0
0.233559, 751.979, 190.197, 25142.6, 18.5294, 4.29131, 0.0
0.229714, 755.369, 185.507, 24605, 18.5294, 4.43989, 0.0
0.224603, 759.811, 179.113, 23905.4, 18.5294, 4.58847, 0.0
0.218602, 765.753, 170.76, 23029.8, 18.5294, 4.73705, 0.0
0.21097, 772.837, 160.172, 21985.4, 18.5294, 4.88563, 0.0
0.202347, 781.271, 147.012, 20814.7, 18.5294, 5.03422, 0.0
0.193188, 790.809, 131.226, 19566.4, 18.5294, 5.1828, 0.0
0.184132, 801.047, 112.749, 18322.5, 18.5294, 5.33138, 0.0
0.175471, 811.05, 91.618, 17178, 18.5294, 5.47996, 0.0
0.16836, 820.131, 67.8895, 16230, 18.5294, 5.62854, 0.0
0.163324, 827.317, 41.9585, 15550.7, 18.5294, 5.77713, 0.0
0.160689, 831.582, 14.3183, 15198.4, 18.5294, 5.92571, 0.0
0.239999, 740.336, 198.33, 26270.6, 19.1176, 2.5142, 0.0
0.237884, 737.665, 197.557, 26267.7, 19.1176, 2.65648, 0.0
0.237965, 738.227, 197.625, 26267.1, 19.1176, 2.79876, 0.0
0.238655, 739.519, 197.908, 26265.1, 19.1176, 2.94104, 0.0
0.239064, 740.75, 198.195, 26262.2, 19.1176, 3.08331, 0.0
0.239665, 741.904, 198.466, 26258.8, 19.1176, 3.22559, 0.0
0.239936, 742.732, 198.651, 26253.4, 19.1176, 3.36787, 0.0
0.2403, 743.511, 198.778, 26245, 19.1176, 3.51015, 0.0
0.240367, 744.062, 198.776, 26228.6, 19.1176, 3.65242, 0.0
0.240462, 744.691, 198.64, 26200.5, 19.1176, 3.7947, 0.0
0.240216, 745.245, 198.262, 26150.9, 19.1176, 3.93698, 0.0
0.239885, 746.039, 197.571, 26071.7, 19.1176, 4.07926, 0.0
0.23907, 746.952, 196.401, 25948.3, 19.1176, 4.22153, 0.0
0.237952, 748.289, 194.579, 25768.5, 19.1176, 4.36381, 0.0
0.236213, 750.044, 191.862, 25515.4, 19.1176, 4.50609, 0.0
0.233769, 752.341, 187.93, 25178.9, 19.1176, 4.64837, 0.0
0.230931, 755.507, 182.428, 24751.1, 19.1176, 4.79064, 0.0
0.22732, 759.382, 174.869, 24234.6, 19.1176, 4.93292, 0.0
0.223183, 764.108, 164.641, 23653.3, 19.1176, 5.0752, 0.0
0.21886, 769.649, 151.12, 23039, 19.1176, 5.21747, 0.0
0.21483, 775.891, 133.598, 22443.8, 19.1176, 5.35975, 0.0
0.21123, 782.3, 111.475, 21927.7, 19.1176, 5.50203, 0.0
0.208611, 788.476, 84.4789, 21540.2, 19.1176, 5.64431, 0.0
0.207134, 793.788, 53.0261, 21299.7, 19.1176, 5.78658, 0.0
0.206616, 797.352, 18.2819, 21205, 19.1176, 5.92886, 0.0
0.239138, 740.914, 198.781, 26149.9, 19.7059, 2.66867, 0.0
0.237036, 738.468, 198.58, 26147.5, 19.7059, 2.80464, 0.0
0.236949, 739.002, 199.022, 26152.5, 19.7059, 2.94062, 0.0
0.237555, 740.241, 199.512, 26163.3, 19.7059, 3.07659, 0.0
0.238043, 741.397, 199.836, 26179.6, 19.7059, 3.21256, 0.0
0.238749, 742.423, 200.002, 26198.6, 19.7059, 3.34853, 0.0
0.239238, 743.135, 200.007, 26216.3, 19.7059, 3.48451, 0.0
0.23979, 743.755, 199.924, 26231.5, 19.7059, 3.62048, 0.0
0.240135, 744.17, 199.736, 26242.1, 19.7059, 3.75645, 0.0
0.240506, 744.587, 199.458, 26249, 19.7059, 3.89242, 0.0
0.2407, 744.904, 199.02, 26250.1, 19.7059, 4.0284, 0.0
0.240914, 745.305, 198.36, 26245.9, 19.7059, 4.16437, 0.0
0.240969, 745.704, 197.337, 26234.5, 19.7059, 4.30034, 0.0
0.241026, 746.252, 195.776, 26217.9, 19.7059, 4.43631, 0.0
0.241026, 746.932, 193.411, 26199.4, 19.7059, 4.57229, 0.0
0.241005, 747.748, 189.862, 26190.4, 19.7059, 4.70826, 0.0
0.24136, 748.846, 184.64, 26211.6, 19.7059, 4.84423, 0.0
0.242139, 750.077, 177.064, 26293.2, 19.7059, 4.98021, 0.0
0.243594, 751.409, 166.325, 26477.3, 19.7059, 5.11618, 0.0
0.246008, 752.759, 151.651, 26799.9, 19.7059, 5.25215, 0.0
0.249587, 754.102, 132.496, 27279.2, 19.7059, 5.38812, 0.0
0.253971, 755.284, 108.767, 27893.7, 19.7059, 5.5241, 0.0
0.258703, 756.429, 80.9439, 28566.2, 19.7059, 5.66007, 0.0
0.26298, 757.75, 49.9818, 29164.3, 19.7059, 5.79604, 0.0
0.265715, 759.216, 17.0658, 29545.1, 19.7059, 5.93201, 0.0
0.147287, 784.776, 98.6321, 15235.9, 20.2941, 2.7459, 0.0
0.175372, 775.15, 129.24, 18532.9, 20.2941, 2.87872, 0.0
0.192406, 767.406, 149.764, 20534.5, 20.2941, 3.01154, 0.0
0.204378, 761.892, 163.423, 21933.4, 20.2941, 3.14436, 0.0
0.213, 757.982, 172.94, 22952.4, 20.2941, 3.27718, 0.0
0.219478, 755.204, 179.809, 23712.7, 20.2941, 3.41, 0.0
0.224341, 753.128, 184.838, 24289.6, 20.2941, 3.54282, 0.0
0.228142, 751.582, 188.528, 24736, 20.2941, 3.67564, 0.0
0.231101, 750.353, 191.192, 25087, 20.2941, 3.80846, 0.0
0.233526, 749.401, 193.034, 25370.5, 20.2941, 3.94128, 0.0
0.235522, 748.605, 194.171, 25606.8, 20.2941, 4.07411, 0.0
0.237321, 747.97, 194.635, 25817, 20.2941, 4.20693, 0.0
0.23903, 747.402, 194.361, 26021.9, 20.2941, 4.33975, 0.0
0.240913, 746.883, 193.162, 26250.7, 20.2941, 4.47257, 0.0
0.243246, 746.321, 190.688, 26542.6, 20.2941, 4.60539, 0.0
0.246385, 745.575, 186.375, 26954.1, 20.2941, 4.73821, 0.0
0.25092, 744.556, 179.468, 27557.1, 20.2941, 4.87103, 0.0
0.25727, 743.051, 169.155, 28425.1, 20.2941, 5.00385, 0.0
0.265684, 740.895, 154.866, 29613.1, 20.2941, 5.13667, 0.0
0.276128, 738.027, 136.565, 31126.4, 20.2941, 5.26949, 0.0
0.288196, 734.626, 114.81, 32896.6, 20.2941, 5.40231, 0.0
0.300783, 731.025, 90.605, 34769.2, 20.2941, 5.53513, 0.0
0.312433, 727.837, 65.0697, 36520.3, 20.2941, 5.66795, 0.0
0.321583, 725.829, 39.0929, 37897.6, 20.2941, 5.80077, 0.0
0.326779, 725.544, 13.1494, 38685.3, 20.2941, 5.93359, 0.0
0.118735, 805.395, 42.5494, 11794.8, 20.8824, 2.7459, 0.0
0.139091, 799.943, 72.6044, 14129.3, 20.8824, 2.87872, 0.0
0.155934, 792.391, 98.9909, 16061.5, 20.8824, 3.01154, 0.0
0.170393, 785.217, 119.467, 17721.3, 20.8824, 3.14436, 0.0
0.182514, 778.986, 135.428, 19128.9, 20.8824, 3.27718, 0.0
0.192659, 773.733, 147.996, 20317.4, 20.8824, 3.41, 0.0
0.201104, 769.305, 157.959, 21320, 20.8824, 3.54282, 0.0
0.208192, 765.581, 165.868, 22169.6, 20.8824, 3.67564, 0.0
0.21417, 762.402, 172.101, 22895.5, 20.8824, 3.80846, 0.0
0.219327, 759.677, 176.899, 23527.5, 20.8824, 3.94128, 0.0
0.223905, 757.273, 180.381, 24095.9, 20.8824, 4.07411, 0.0
0.228235, 755.099, 182.531, 24638.7, 20.8824, 4.20693, 0.0
0.232688, 753, 183.159, 25205.2, 20.8824, 4.33975, 0.0
0.237797, 750.804, 181.852, 25864.6, 20.8824, 4.47257, 0.0
0.244195, 748.281, 177.959, 26706.3, 20.8824, 4.60539, 0.0
0.252489, 745.159, 170.715, 27830.7, 20.8824, 4.73821, 0.0
0.263205, 741.242, 159.58, 29326.9, 20.8824, 4.87103, 0.0
0.276552, 736.379, 144.561, 31243, 20.8824, 5.00385, 0.0
0.292299, 730.598, 126.312, 33558.6, 20.8824, 5.13667, 0.0
0.309696, 724.163, 105.987, 36165, 20.8824, 5.26949, 0.0
0.327547, 717.589, 84.909, 38869.9, 20.8824, 5.40231, 0.0
0.344262, 711.491, 64.2016, 41429.5, 20.8824, 5.53513, 0.0
0.35827, 706.55, 44.5452, 43598.5, 20.8824, 5.66795, 0.0
0.368359, 703.476, 26.1125, 45172.2, 20.8824, 5.80077, 0.0
0.373689, 702.764, 8.65213, 46015.1, 20.8824, 5.93359, 0.0
0.109514, 813.97, 15.7345, 10653.6, 21.4706, 2.7459, 0.0
0.121117, 813.767, 36.0697, 11949.3, 21.4706, 2.87872, 0.0
0.133268, 809.357, 59.1956, 13314.3, 21.4706, 3.01154, 0.0
0.145575, 803.481, 80.1217, 14699.1, 21.4706, 3.14436, 0.0
0.157234, 797.383, 98.2714, 16024.7, 21.4706, 3.27718, 0.0
0.167974, 791.565, 113.723, 17259.6, 21.4706, 3.41, 0.0
0.177707, 786.178, 126.742, 18394.7, 21.4706, 3.54282, 0.0
0.186511, 781.257, 137.601, 19435.2, 21.4706, 3.67564, 0.0
0.194519, 776.751, 146.499, 20396.4, 21.4706, 3.80846, 0.0
0.201976, 772.585, 153.517, 21305, 21.4706, 3.94128, 0.0
0.20922, 768.62, 158.574, 22202.8, 21.4706, 4.07411, 0.0
0.216763, 764.676, 161.361, 23153.7, 21.4706, 4.20693, 0.0
0.225256, 760.494, 161.31, 24245.7, 21.4706, 4.33975, 0.0
0.235407, 755.796, 157.707, 25583.8, 21.4706, 4.47257, 0.0
0.247803, 750.336, 150.014, 27268.9, 21.4706, 4.60539, 0.0
0.262772, 743.938, 138.231, 29372.3, 21.4706, 4.73821, 0.0
0.280329, 736.6, 123.026, 31909.2, 21.4706, 4.87103, 0.0
0.300004, 728.52, 105.597, 34815.5, 21.4706, 5.00385, 0.0
0.320795, 720.105, 87.3716, 37942.1, 21.4706, 5.13667, 0.0
0.341337, 711.879, 69.6468, 41079.4, 21.4706, 5.26949, 0.0
0.360248, 704.398, 53.3287, 44002.4, 21.4706, 5.40231, 0.0
0.376333, 698.126, 38.8433, 46516.3, 21.4706, 5.53513, 0.0
0.388781, 693.457, 26.1905, 48483.4, 21.4706, 5.66795, 0.0
0.397216, 690.784, 15.0555, 49825.9, 21.4706, 5.80077, 0.0
0.40146, 690.392, 4.92794, 50511.9, 21.4706, 5.93359, 0.0
0.106722, 817.019, 4.9086, 10299.5, 22.0588, 2.7459, 0.0
0.112807, 820.833, 15.736, 10932.1, 22.0588, 2.87872, 0.0
0.120523, 819.657, 32.0074, 11771.4, 22.0588, 3.01154, 0.0
0.129593, 816.021, 49.4334, 12769.4, 22.0588, 3.14436, 0.0
0.139206, 811.248, 66.3374, 13841, 22.0588, 3.27718, 0.0
0.148903, 806.026, 81.8743, 14936, 22.0588, 3.41, 0.0
0.15844, 800.681, 95.6603, 16029.5, 22.0588, 3.54282, 0.0
0.167791, 795.349, 107.49, 17118.9, 22.0588, 3.67564, 0.0
0.177099, 790.021, 117.151, 18222.8, 22.0588, 3.80846, 0.0
0.186708, 784.59, 124.301, 19384.5, 22.0588, 3.94128, 0.0
0.19713, 778.856, 128.394, 20672.8, 22.0588, 4.07411, 0.0
0.208962, 772.595, 128.771, 22175.4, 22.0588, 4.20693, 0.0
0.222735, 765.603, 124.948, 23983.3, 22.0588, 4.33975, 0.0
0.238826, 757.748, 116.931, 26170.2, 22.0588, 4.47257, 0.0
0.257364, 749.02, 105.341, 28769.6, 22.0588, 4.60539, 0.0
0.27807, 739.588, 91.2964, 31751.4, 22.0588, 4.73821, 0.0
0.300204, 729.832, 76.1671, 35008, 22.0588, 4.87103, 0.0
0.322625, 720.24, 61.2732, 38366.3, 22.0588, 5.00385, 0.0
0.344031, 711.295, 47.6227, 41624.9, 22.0588, 5.13667, 0.0
0.363273, 703.376, 35.8013, 44598.2, 22.0588, 5.26949, 0.0
0.379606, 696.747, 25.997, 47150.7, 22.0588, 5.40231, 0.0
0.392658, 691.554, 18.0888, 49206.1, 22.0588, 5.53513, 0.0
0.402318, 687.909, 11.7577, 50737.6, 22.0588, 5.66795, 0.0
0.408671, 686.011, 6.58576, 51748, 22.0588, 5.80077, 0.0
0.411784, 686.051, 2.12327, 52251.4, 22.0588, 5.93359, 0.0
0.106229, 817.61, 1.16771, 10232.8, 22.6471, 2.7459, 0.0
0.109425, 823.952, 5.75574, 10511.3, 22.6471, 2.87872, 0.0
0.114091, 825.182, 15.1271, 10985.5, 22.6471, 3.01154, 0.0
0.120379, 823.597, 27.2678, 11655, 22.6471, 3.14436, 0.0
0.127876, 820.315, 40.5447, 12474.1, 22.6471, 3.27718, 0.0
0.136281, 815.951, 53.6144, 13409.8, 22.6471, 3.41, 0.0
0.145453, 810.816, 65.4753, 14450.5, 22.6471, 3.54282, 0.0
0.155466, 805.027, 75.2969, 15609.7, 22.6471, 3.67564, 0.0
0.166558, 798.563, 82.2997, 16925.5, 22.6471, 3.80846, 0.0
0.179079, 791.34, 85.7881, 18455.1, 22.6471, 3.94128, 0.0
0.193387, 783.265, 85.3314, 20264, 22.6471, 4.07411, 0.0
0.209783, 774.291, 80.9609, 22411.7, 22.6471, 4.20693, 0.0
0.228409, 764.468, 73.2182, 24932.9, 22.6471, 4.33975, 0.0
0.249116, 754.007, 63.0591, 27816.6, 22.6471, 4.47257, 0.0
0.271344, 743.285, 51.6613, 30989, 22.6471, 4.60539, 0.0
0.294252, 732.766, 40.2145, 34317.5, 22.6471, 4.73821, 0.0
0.316637, 722.907, 29.6821, 37633.2, 22.6471, 4.87103, 0.0
0.337458, 714.043, 20.6944, 40769.1, 22.6471, 5.00385, 0.0
0.355935, 706.368, 13.5443, 43591.3, 22.6471, 5.13667, 0.0
0.371632, 699.95, 8.23318, 46016.3, 22.6471, 5.26949, 0.0
0.384438, 694.798, 4.56253, 48008, 22.6471, 5.40231, 0.0
0.394415, 690.888, 2.23027, 49564.7, 22.6471, 5.53513, 0.0
0.401687, 688.239, 0.906063, 50703.2, 22.6471, 5.66795, 0.0
0.406429, 687.01, 0.27422, 51446.2, 22.6471, 5.80077, 0.0
0.408728, 687.382, 0.0482946, 51813.7, 22.6471, 5.93359, 0.0
0.107145, 816.656, -0.287517, 10334.2, 23.2353, 2.7459, 0.0
0.10917, 824.19, 0.441573, 10464.7, 23.2353, 2.87872, 0.0
0.112318, 826.701, 3.97123, 10751.5, 23.2353, 3.01154, 0.0
0.11707, 826.257, 9.89406, 11235.2, 23.2353, 3.14436, 0.0
0.12346, 823.692, 17.2201, 11922.5, 23.2353, 3.27718, 0.0
0.131494, 819.453, 24.5992, 12817.9, 23.2353, 3.41, 0.0
0.141199, 813.779, 30.7468, 13934.1, 23.2353, 3.54282, 0.0
0.152682, 806.807, 34.6599, 15297.1, 23.2353, 3.67564, 0.0
0.166093, 798.616, 35.7457, 16942.2, 23.2353, 3.80846, 0.0
0.181587, 789.305, 33.8823, 18905.5, 23.2353, 3.94128, 0.0
0.199218, 779.051, 29.3955, 21208.8, 23.2353, 4.07411, 0.0
0.218836, 768.162, 22.9629, 23843.1, 23.2353, 4.20693, 0.0
0.240006, 757.054, 15.4682, 26755.6, 23.2353, 4.33975, 0.0
0.262035, 746.174, 7.81905, 29847.8, 23.2353, 4.47257, 0.0
0.284485, 735.906, 0.979623, 33013.5, 23.2353, 4.60539, 0.0
0.304704, 726.658, -4.66027, 36035.2, 23.2353, 4.73821, 0.0
0.323845, 718.677, -8.88972, 38869.6, 23.2353, 4.87103, 0.0
0.340892, 711.833, -11.5186, 41415.6, 23.2353, 5.00385, 0.0
0.355547, 706.074, -12.6677, 43625.1, 23.2353, 5.13667, 0.0
0.367747, 701.331, -12.5601, 45480.4, 23.2353, 5.26949, 0.0
0.377598, 697.55, -11.4538, 46985.5, 23.2353, 5.40231, 0.0
0.385246, 694.697, -9.59728, 48156.3, 23.2353, 5.53513, 0.0
0.390825, 692.807, -7.20805, 49012.6, 23.2353, 5.66795, 0.0
0.394475, 692.048, -4.46542, 49573.2, 23.2353, 5.80077, 0.0
0.396246, 692.612, -1.5134, 49851.8, 23.2353, 5.93359, 0.0
0.110895, 812.928, -2.06785, 10774.6, 23.8235, 2.7459, 0.0
0.112823, 820.666, -5.78793, 10887.2, 23.8235, 2.87872, 0.0
0.115839, 823.166, -8.59455, 11157.4, 23.8235, 3.01154, 0.0
0.120494, 822.487, -10.3867, 11638.1, 23.8235, 3.14436, 0.0
0.127085, 819.315, -11.439, 12369.2, 23.8235, 3.27718, 0.0
0.135828, 814.029, -12.3516, 13381.3, 23.8235, 3.41, 0.0
0.146816, 806.924, -13.7434, 14696.4, 23.8235, 3.54282, 0.0
0.160045, 798.32, -16.0167, 16328.4, 23.8235, 3.67564, 0.0
0.175401, 788.605, -19.2596, 18277.8, 23.8235, 3.80846, 0.0
0.19264, 778.239, -23.2617, 20524.8, 23.8235, 3.94128, 0.0
0.211361, 767.71, -27.608, 23023.8, 23.8235, 4.07411, 0.0
0.231015, 757.468, -31.7981, 25702.1, 23.8235, 4.20693, 0.0
0.250959, 747.865, -35.3488, 28466.4, 23.8235, 4.33975, 0.0
0.270551, 739.113, -37.8691, 31214.9, 23.8235, 4.47257, 0.0
0.28932, 731.334, -39.0311, 33863.9, 23.8235, 4.60539, 0.0
0.305954, 724.482, -38.9074, 36316.5, 23.8235, 4.73821, 0.0
0.321179, 718.739, -37.5682, 38537.9, 23.8235, 4.87103, 0.0
0.334519, 713.86, -35.1353, 40494.5, 23.8235, 5.00385, 0.0
0.345895, 709.75, -31.814, 42176.6, 23.8235, 5.13667, 0.0
0.355356, 706.339, -27.8078, 43586.7, 23.8235, 5.26949, 0.0
0.363025, 703.596, -23.298, 44734.6, 23.8235, 5.40231, 0.0
0.369018, 701.521, -18.4334, 45633.1, 23.8235, 5.53513, 0.0
0.373421, 700.179, -13.3296, 46295, 23.8235, 5.66795, 0.0
0.37632, 699.748, -8.06959, 46731, 23.8235, 5.80077, 0.0
0.37773, 700.419, -2.70783, 46948.8, 23.8235, 5.93359, 0.0
0.120999, 803.004, -5.67335, 12034.1, 24.4118, 2.7459, 0.0
0.123387, 810.422, -16.8847, 12191.9, 24.4118, 2.87872, 0.0
0.127069, 811.804, -27.804, 12549.1, 24.4118, 3.01154, 0.0
0.13244, 809.687, -37.9553, 13140.5, 24.4118, 3.14436, 0.0
0.139772, 805.057, -46.9589, 13999.8, 24.4118, 3.27718, 0.0
0.149249, 798.57, -54.6335, 15149.3, 24.4118, 3.41, 0.0
0.160859, 790.774, -60.9702, 16593.3, 24.4118, 3.54282, 0.0
0.174405, 782.191, -66.0381, 18315.5, 24.4118, 3.67564, 0.0
0.189528, 773.322, -69.9049, 20278.6, 24.4118, 3.80846, 0.0
0.205765, 764.606, -72.5959, 22426.8, 24.4118, 3.94128, 0.0
0.2226, 756.373, -74.0876, 24690.7, 24.4118, 4.07411, 0.0
0.239522, 748.828, -74.327, 26996.1, 24.4118, 4.20693, 0.0
0.256071, 742.054, -73.2775, 29272, 24.4118, 4.33975, 0.0
0.271851, 736.053, -70.9667, 31457.5, 24.4118, 4.47257, 0.0
0.286533, 730.8, -67.4688, 33509.8, 24.4118, 4.60539, 0.0
0.299534, 726.192, -63.0103, 35387.3, 24.4118, 4.73821, 0.0
0.311342, 722.316, -57.758, 37075.2, 24.4118, 4.87103, 0.0
0.321688, 718.974, -51.8836, 38562, 24.4118, 5.00385, 0.0
0.330549, 716.106, -45.5525, 39846.2, 24.4118, 5.13667, 0.0
0.337978, 713.681, -38.9012, 40930.8, 24.4118, 5.26949, 0.0
0.344055, 711.703, -32.0359, 41821.7, 24.4118, 5.40231, 0.0
0.348847, 710.205, -25.0344, 42525.3, 24.4118, 5.53513, 0.0
0.352394, 709.273, -17.9493, 43047.4, 24.4118, 5.66795, 0.0
0.354742, 709.083, -10.8091, 43393.2, 24.4118, 5.80077, 0.0
0.355883, 709.811, -3.62038, 43566.1, 24.4118, 5.93359, 0.0
0.141938, 782.923, -10.2624, 14784.4, 25, 2.7459, 0.0
0.144545, 790.344, -30.3004, 14940.7, 25, 2.87872, 0.0
0.148266, 791.053, -49.3217, 15301.6, 25, 3.01154, 0.0
0.153375, 788.462, -66.3479, 15876.2, 25, 3.14436, 0.0
0.160076, 783.967, -80.673, 16680.8, 25, 3.27718, 0.0
0.168493, 778.405, -91.8939, 17723.7, 25, 3.41, 0.0
0.178557, 772.33, -99.9612, 18996.6, 25, 3.54282, 0.0
0.190019, 766.146, -105.099, 20470.8, 25, 3.67564, 0.0
0.20251, 760.147, -107.66, 22100.9, 25, 3.80846, 0.0
0.215621, 754.525, -108.004, 23832.6, 25, 3.94128, 0.0
0.228958, 749.381, -106.443, 25610.6, 25, 4.07411, 0.0
0.242168, 744.746, -103.255, 27384.1, 25, 4.20693, 0.0
0.254948, 740.606, -98.7024, 29110.2, 25, 4.33975, 0.0
0.267035, 736.922, -93.0375, 30754.6, 25, 4.47257, 0.0
0.278199, 733.66, -86.4833, 32293.3, 25, 4.60539, 0.0
0.288201, 730.758, -79.2754, 33705.1, 25, 4.73821, 0.0
0.297323, 728.259, -71.5801, 34981.7, 25, 4.87103, 0.0
0.305374, 726.037, -63.5421, 36115.9, 25, 5.00385, 0.0
0.312336, 724.076, -55.2802, 37105.1, 25, 5.13667, 0.0
0.318234, 722.379, -46.8829, 37949, 25, 5.26949, 0.0
0.323105, 720.977, -38.412, 38648.6, 25, 5.40231, 0.0
0.326976, 719.922, -29.9074, 39205.4, 25, 5.53513, 0.0
0.329859, 719.31, -21.3896, 39621.1, 25, 5.66795, 0.0
0.331774, 719.303, -12.8608, 39897.3, 25, 5.80077, 0.0
0.332702, 720.062, -4.30655, 40034.9, 25, 5.93359, 0.0
0.17493, 753.562, -12.989, 19386.9, 25.5882, 2.7459, 0.0
0.176892, 762.353, -38.3032, 19385.5, 25.5882, 2.87872, 0.0
0.178923, 764.563, -62.2827, 19476.4, 25.5882, 3.01154, 0.0
0.181462, 764.174, -83.5969, 19680.1, 25.5882, 3.14436, 0.0
0.184924, 762.522, -101.309, 20037.2, 25.5882, 3.27718, 0.0
0.18964, 760.233, -114.82, 20581.6, 25.5882, 3.41, 0.0
0.195738, 757.626, -123.993, 21326.2, 25.5882, 3.54282, 0.0
0.203138, 754.898, -129.128, 22257, 25.5882, 3.67564, 0.0
0.21159, 752.179, -130.786, 23338.3, 25.5882, 3.80846, 0.0
0.220764, 749.553, -129.594, 24524.2, 25.5882, 3.94128, 0.0
0.230316, 747.071, -126.14, 25768.4, 25.5882, 4.07411, 0.0
0.239933, 744.757, -120.932, 27029.4, 25.5882, 4.20693, 0.0
0.249346, 742.613, -114.392, 28273.2, 25.5882, 4.33975, 0.0
0.25833, 740.63, -106.862, 29472.8, 25.5882, 4.47257, 0.0
0.266702, 738.803, -98.6098, 30608.1, 25.5882, 4.60539, 0.0
0.274349, 737.117, -89.8578, 31662.9, 25.5882, 4.73821, 0.0
0.28139, 735.601, -80.7611, 32628.3, 25.5882, 4.87103, 0.0
0.28767, 734.191, -71.4417, 33496.1, 25.5882, 5.00385, 0.0
0.29316, 732.901, -61.9926, 34261.3, 25.5882, 5.13667, 0.0
0.297858, 731.756, -52.4784, 34920.4, 25.5882, 5.26949, 0.0
0.301772, 730.801, -42.9413, 35471.2, 25.5882, 5.40231, 0.0
0.304904, 730.098, -33.4049, 35912.4, 25.5882, 5.53513, 0.0
0.307246, 729.742, -23.8773, 36243.2, 25.5882, 5.66795, 0.0
0.308804, 729.88, -14.3513, 36463.2, 25.5882, 5.80077, 0.0
0.309554, 730.652, -4.80664, 36572.1, 25.5882, 5.93359, 0.0
0.214982, 721.92, -12.4431, 25302.8, 26.1765, 2.7459, 0.0
0.215917, 732.944, -37.0465, 25043.5, 26.1765, 2.87872, 0.0
0.215263, 738.088, -61.1742, 24666.3, 26.1765, 3.01154, 0.0
0.213764, 741.496, -83.6408, 24228.2, 26.1765, 3.14436, 0.0
0.212246, 744.109, -103.4, 23829.9, 26.1765, 3.27718, 0.0
0.211467, 746.115, -119.426, 23569.7, 26.1765, 3.41, 0.0
0.211988, 747.506, -130.989, 23519.6, 26.1765, 3.54282, 0.0
0.214085, 748.3, -137.889, 23709.2, 26.1765, 3.67564, 0.0
0.217734, 748.579, -140.501, 24124.9, 26.1765, 3.80846, 0.0
0.222665, 748.465, -139.558, 24723.2, 26.1765, 3.94128, 0.0
0.22849, 748.076, -135.869, 25449.7, 26.1765, 4.07411, 0.0
0.234821, 747.506, -130.145, 26253, 26.1765, 4.20693, 0.0
0.241326, 746.82, -122.95, 27090.9, 26.1765, 4.33975, 0.0
0.247743, 746.062, -114.71, 27930.7, 26.1765, 4.47257, 0.0
0.253885, 745.267, -105.743, 28748.2, 26.1765, 4.60539, 0.0
0.259647, 744.453, -96.283, 29524.9, 26.1765, 4.73821, 0.0
0.26503, 743.653, -86.4939, 30248.3, 26.1765, 4.87103, 0.0
0.269896, 742.848, -76.4963, 30908.1, 26.1765, 5.00385, 0.0
0.274201, 742.07, -66.3776, 31496.8, 26.1765, 5.13667, 0.0
0.277924, 741.358, -56.1974, 32008.7, 26.1765, 5.26949, 0.0
0.28105, 740.761, -45.9935, 32439.7, 26.1765, 5.40231, 0.0
0.283565, 740.344, -35.7868, 32786.9, 26.1765, 5.53513, 0.0
0.285453, 740.198, -25.5841, 33047.9, 26.1765, 5.66795, 0.0
0.286709, 740.452, -15.3784, 33221.5, 26.1765, 5.80077, 0.0
0.287309, 741.227, -5.15224, 33306.7, 26.1765, 5.93359, 0.0
0.253426, 695.095, -9.78397, 31244, 26.7647, 2.7459, 0.0
0.253934, 707.963, -29.533, 30800.2, 26.7647, 2.87872, 0.0
0.251405, 715.575, -49.8085, 30047, 26.7647, 3.01154, 0.0
0.246654, 722.214, -69.9794, 29045.7, 26.7647, 3.14436, 0.0
0.240692, 728.56, -89.3362, 27925.1, 26.7647, 3.27718, 0.0
0.234593, 734.475, -106.835, 26833.5, 26.7647, 3.41, 0.0
0.229336, 739.645, -121.287, 25909, 26.7647, 3.54282, 0.0
0.225653, 743.84, -131.695, 25250.2, 26.7647, 3.67564, 0.0
0.223908, 747.001, -137.592, 24898.7, 26.7647, 3.80846, 0.0
0.224101, 749.228, -139.195, 24839.9, 26.7647, 3.94128, 0.0
0.225934, 750.701, -137.222, 25020.9, 26.7647, 4.07411, 0.0
0.228956, 751.608, -132.541, 25374.4, 26.7647, 4.20693, 0.0
0.232713, 752.106, -125.916, 25838, 26.7647, 4.33975, 0.0
0.236831, 752.316, -117.936, 26362.1, 26.7647, 4.47257, 0.0
0.241046, 752.32, -109.026, 26910.1, 26.7647, 4.60539, 0.0
0.245193, 752.177, -99.4896, 27455.6, 26.7647, 4.73821, 0.0
0.249178, 751.935, -89.5327, 27979.9, 26.7647, 4.87103, 0.0
0.252856, 751.607, -79.3019, 28469, 26.7647, 5.00385, 0.0
0.256165, 751.239, -68.8999, 28912.5, 26.7647, 5.13667, 0.0
0.259062, 750.878, -58.3962, 29302.9, 26.7647, 5.26949, 0.0
0.261517, 750.576, -47.8364, 29634.5, 26.7647, 5.40231, 0.0
0.263505, 750.397, -37.2473, 29903.2, 26.7647, 5.53513, 0.0
0.265003, 750.426, -26.6417, 30105.8, 26.7647, 5.66795, 0.0
0.266, 750.774, -16.0186, 30240.6, 26.7647, 5.80077, 0.0
0.26647, 751.546, -5.36845, 30305.9, 26.7647, 5.93359, 0.0
0.283136, 676.35, -6.66759, 36001.2, 27.3529, 2.7459, 0.0
0.28411, 690.135, -20.3893, 35529.6, 27.3529, 2.87872, 0.0
0.281425, 698.871, -35.0713, 34670.1, 27.3529, 3.01154, 0.0
0.275706, 707.076, -50.6002, 33446.8, 27.3529, 3.14436, 0.0
0.267725, 715.456, -66.7991, 31953.2, 27.3529, 3.27718, 0.0
0.258431, 723.834, -83.1032, 30323.2, 27.3529, 3.41, 0.0
0.248914, 731.794, -98.5469, 28715.4, 27.3529, 3.54282, 0.0
0.240232, 738.913, -111.903, 27283, 27.3529, 3.67564, 0.0
0.2332, 744.89, -121.989, 26140.5, 27.3529, 3.80846, 0.0
0.228267, 749.612, -128.036, 25343.3, 27.3529, 3.94128, 0.0
0.225502, 753.146, -129.933, 24885.7, 27.3529, 4.07411, 0.0
0.224665, 755.675, -128.184, 24716.6, 27.3529, 4.20693, 0.0
0.225317, 757.423, -123.602, 24764.1, 27.3529, 4.33975, 0.0
0.226976, 758.598, -116.978, 24957.5, 27.3529, 4.47257, 0.0
0.229235, 759.361, -108.94, 25239, 27.3529, 4.60539, 0.0
0.231802, 759.827, -99.9428, 25566.1, 27.3529, 4.73821, 0.0
0.234473, 760.08, -90.299, 25908.9, 27.3529, 4.87103, 0.0
0.237064, 760.171, -80.2243, 26245.9, 27.3529, 5.00385, 0.0
0.239475, 760.161, -69.8666, 26562.3, 27.3529, 5.13667, 0.0
0.241635, 760.103, -59.3256, 26847.2, 27.3529, 5.26949, 0.0
0.243495, 760.056, -48.6678, 27093, 27.3529, 5.40231, 0.0
0.245016, 760.082, -37.9357, 27294.2, 27.3529, 5.53513, 0.0
0.24617, 760.259, -27.1543, 27446.8, 27.3529, 5.66795, 0.0
0.246938, 760.685, -16.3337, 27548.3, 27.3529, 5.80077, 0.0
0.247296, 761.451, -5.47577, 27596.8, 27.3529, 5.93359, 0.0
0.301558, 665.577, -3.95547, 39021.3, 27.9412, 2.7459, 0.0
0.303429, 679.55, -12.2299, 38630.7, 27.9412, 2.87872, 0.0
0.301764, 688.335, -21.4124, 37881.4, 27.9412, 3.01154, 0.0
0.297012, 696.65, -31.6571, 36760.7, 27.9412, 3.14436, 0.0
0.289576, 705.354, -43.1438, 35302.4, 27.9412, 3.27718, 0.0
0.279969, 714.431, -55.8158, 33576.9, 27.9412, 3.41, 0.0
0.268944, 723.595, -69.2797, 31696.7, 27.9412, 3.54282, 0.0
0.257468, 732.456, -82.7489, 29806.5, 27.9412, 3.67564, 0.0
0.246563, 740.606, -95.1093, 28057.3, 27.9412, 3.80846, 0.0
0.237099, 747.699, -105.144, 26573.8, 27.9412, 3.94128, 0.0
0.229635, 753.533, -111.864, 25429, 27.9412, 4.07411, 0.0
0.224369, 758.084, -114.802, 24636.7, 27.9412, 4.20693, 0.0
0.221186, 761.481, -114.117, 24161.7, 27.9412, 4.33975, 0.0
0.219747, 763.932, -110.423, 23939.4, 27.9412, 4.47257, 0.0
0.219609, 765.663, -104.475, 23898.6, 27.9412, 4.60539, 0.0
0.220336, 766.863, -96.9397, 23975.8, 27.9412, 4.73821, 0.0
0.221568, 767.681, -88.3147, 24122, 27.9412, 4.87103, 0.0
0.223021, 768.223, -78.9478, 24302.3, 27.9412, 5.00385, 0.0
0.224522, 768.58, -69.0767, 24492.2, 27.9412, 5.13667, 0.0
0.225953, 768.824, -58.863, 24675.2, 27.9412, 5.26949, 0.0
0.227234, 769.022, -48.4171, 24839.8, 27.9412, 5.40231, 0.0
0.228309, 769.241, -37.8139, 24978, 27.9412, 5.53513, 0.0
0.229136, 769.557, -27.1033, 25084.5, 27.9412, 5.66795, 0.0
0.22969, 770.055, -16.3159, 25155.7, 27.9412, 5.80077, 0.0
0.229943, 770.816, -5.47198, 25189.1, 27.9412, 5.93359, 0.0
0.310235, 660.745, -2.11479, 40540.7, 28.5294, 2.7459, 0.0
0.31298, 674.558, -6.59343, 40257.1, 28.5294, 2.87872, 0.0
0.312648, 682.931, -11.7435, 39689.9, 28.5294, 3.01154, 0.0
0.309657, 690.661, -17.7861, 38810, 28.5294, 3.14436, 0.0
0.304186, 698.717, -25.0101, 37610, 28.5294, 3.27718, 0.0
0.296364, 707.252, -33.6061, 36101.5, 28.5294, 3.41, 0.0
0.286475, 716.178, -43.585, 34330.5, 28.5294, 3.54282, 0.0
0.275029, 725.299, -54.6924, 32385.3, 28.5294, 3.67564, 0.0
0.262821, 734.32, -66.3595, 30390.9, 28.5294, 3.80846, 0.0
0.250796, 742.872, -77.7138, 28486.2, 28.5294, 3.94128, 0.0
0.239836, 750.591, -87.6921, 26794.4, 28.5294, 4.07411, 0.0
0.230566, 757.213, -95.2683, 25397.4, 28.5294, 4.20693, 0.0
0.223266, 762.636, -99.7139, 24325.1, 28.5294, 4.33975, 0.0
0.217906, 766.921, -100.759, 23560.9, 28.5294, 4.47257, 0.0
0.214265, 770.217, -98.5772, 23060.1, 28.5294, 4.60539, 0.0
0.212053, 772.688, -93.6494, 22768.7, 28.5294, 4.73821, 0.0
0.210974, 774.479, -86.6121, 22634.3, 28.5294, 4.87103, 0.0
0.210725, 775.727, -78.1099, 22609, 28.5294, 5.00385, 0.0
0.211025, 776.578, -68.6723, 22651.7, 28.5294, 5.13667, 0.0
0.21162, 777.166, -58.6671, 22729.2, 28.5294, 5.26949, 0.0
0.212316, 777.608, -48.3209, 22817.6, 28.5294, 5.40231, 0.0
0.212977, 778, -37.7659, 22900.8, 28.5294, 5.53513, 0.0
0.213521, 778.429, -27.0788, 22968.8, 28.5294, 5.66795, 0.0
0.213895, 778.982, -16.3033, 23015.3, 28.5294, 5.80077, 0.0
0.214063, 779.733, -5.46821, 23036.6, 28.5294, 5.93359, 0.0
0.304606, 663.984, 0.358769, 39579.8, 29.4118, 2.7459, 0.0
0.307999, 677.122, 1.03129, 39432.6, 29.4118, 2.87872, 0.0
0.309077, 684.622, 1.46432, 39120.5, 29.4118, 3.01154, 0.0
0.308322, 691.073, 1.51034, 38628.7, 29.4118, 3.14436, 0.0
0.305898, 697.447, 0.97055, 37946.3, 29.4118, 3.27718, 0.0
0.301893, 704.032, -0.363378, 37063.8, 29.4118, 3.41, 0.0
0.296178, 710.769, -2.69828, 35976.5, 29.4118, 3.54282, 0.0
0.288891, 717.678, -6.1805, 34694.4, 29.4118, 3.67564, 0.0
0.280181, 724.817, -10.8376, 33241.2, 29.4118, 3.80846, 0.0
0.270361, 732.205, -16.548, 31660.8, 29.4118, 3.94128, 0.0
0.259877, 739.783, -23.0199, 30016.2, 29.4118, 4.07411, 0.0
0.249254, 747.387, -29.8056, 28381.8, 29.4118, 4.20693, 0.0
0.239025, 754.763, -36.3493, 26831.6, 29.4118, 4.33975, 0.0
0.229644, 761.629, -42.0699, 25428.1, 29.4118, 4.47257, 0.0
0.221421, 767.739, -46.4569, 24211.9, 29.4118, 4.60539, 0.0
0.214492, 772.952, -49.1412, 23199.2, 29.4118, 4.73821, 0.0
0.208845, 777.252, -49.9197, 22385, 29.4118, 4.87103, 0.0
0.204375, 780.71, -48.7581, 21750.9, 29.4118, 5.00385, 0.0
0.200944, 783.446, -45.7761, 21271.5, 29.4118, 5.13667, 0.0
0.198394, 785.588, -41.2049, 20919.7, 29.4118, 5.26949, 0.0
0.19656, 787.261, -35.3319, 20668.8, 29.4118, 5.40231, 0.0
0.195286, 788.585, -28.4503, 20495.5, 29.4118, 5.53513, 0.0
0.194441, 789.673, -20.8293, 20380.6, 29.4118, 5.66795, 0.0
0.193923, 790.627, -12.7043, 20310.4, 29.4118, 5.80077, 0.0
0.19366, 791.53, -4.2848, 20275.5, 29.4118, 5.93359, 0.0
